Date,PortfolioValue,Peak,Drawdown
2018-01-02,100000.0,100000.0,0.0
2018-01-03,100000.0,100000.0,0.0
2018-01-04,100000.0,100000.0,0.0
2018-01-05,100000.0,100000.0,0.0
2018-01-08,100000.0,100000.0,0.0
2018-01-09,100000.0,100000.0,0.0
2018-01-10,100000.0,100000.0,0.0
2018-01-11,100000.0,100000.0,0.0
2018-01-12,100000.0,100000.0,0.0
2018-01-16,100000.0,100000.0,0.0
2018-01-17,100000.0,100000.0,0.0
2018-01-18,100000.0,100000.0,0.0
2018-01-19,100000.0,100000.0,0.0
2018-01-22,100000.0,100000.0,0.0
2018-01-23,100000.0,100000.0,0.0
2018-01-24,100000.0,100000.0,0.0
2018-01-25,100000.0,100000.0,0.0
2018-01-26,100000.0,100000.0,0.0
2018-01-29,100000.0,100000.0,0.0
2018-01-30,100000.0,100000.0,0.0
2018-01-31,100000.0,100000.0,0.0
2018-02-01,100000.0,100000.0,0.0
2018-02-02,100000.0,100000.0,0.0
2018-02-05,100000.0,100000.0,0.0
2018-02-06,100000.0,100000.0,0.0
2018-02-07,100000.0,100000.0,0.0
2018-02-08,100000.0,100000.0,0.0
2018-02-09,100000.0,100000.0,0.0
2018-02-12,100000.0,100000.0,0.0
2018-02-13,100000.0,100000.0,0.0
2018-02-14,100000.0,100000.0,0.0
2018-02-15,100000.0,100000.0,0.0
2018-02-16,100000.0,100000.0,0.0
2018-02-20,100000.0,100000.0,0.0
2018-02-21,100000.0,100000.0,0.0
2018-02-22,100000.0,100000.0,0.0
2018-02-23,100000.0,100000.0,0.0
2018-02-26,100000.0,100000.0,0.0
2018-02-27,100000.0,100000.0,0.0
2018-02-28,100000.0,100000.0,0.0
2018-03-01,100000.0,100000.0,0.0
2018-03-02,100000.0,100000.0,0.0
2018-03-05,100000.0,100000.0,0.0
2018-03-06,100000.0,100000.0,0.0
2018-03-07,100000.0,100000.0,0.0
2018-03-08,100000.0,100000.0,0.0
2018-03-09,100000.0,100000.0,0.0
2018-03-12,100000.0,100000.0,0.0
2018-03-13,100000.0,100000.0,0.0
2018-03-14,100000.0,100000.0,0.0
2018-03-15,100000.0,100000.0,0.0
2018-03-16,100000.0,100000.0,0.0
2018-03-19,100000.0,100000.0,0.0
2018-03-20,100000.0,100000.0,0.0
2018-03-21,100000.0,100000.0,0.0
2018-03-22,100000.0,100000.0,0.0
2018-03-23,100000.0,100000.0,0.0
2018-03-26,100000.0,100000.0,0.0
2018-03-27,100000.0,100000.0,0.0
2018-03-28,100000.0,100000.0,0.0
2018-03-29,100000.0,100000.0,0.0
2018-04-02,100000.0,100000.0,0.0
2018-04-03,100000.0,100000.0,0.0
2018-04-04,100000.0,100000.0,0.0
2018-04-05,100000.0,100000.0,0.0
2018-04-06,100000.0,100000.0,0.0
2018-04-09,100000.0,100000.0,0.0
2018-04-10,100000.0,100000.0,0.0
2018-04-11,100000.0,100000.0,0.0
2018-04-12,100000.0,100000.0,0.0
2018-04-13,100000.0,100000.0,0.0
2018-04-16,100000.0,100000.0,0.0
2018-04-17,100000.0,100000.0,0.0
2018-04-18,100000.0,100000.0,0.0
2018-04-19,100000.0,100000.0,0.0
2018-04-20,100000.0,100000.0,0.0
2018-04-23,100000.0,100000.0,0.0
2018-04-24,100000.0,100000.0,0.0
2018-04-25,100000.0,100000.0,0.0
2018-04-26,100000.0,100000.0,0.0
2018-04-27,100000.0,100000.0,0.0
2018-04-30,100000.0,100000.0,0.0
2018-05-01,100000.0,100000.0,0.0
2018-05-02,100000.0,100000.0,0.0
2018-05-03,100000.0,100000.0,0.0
2018-05-04,100000.0,100000.0,0.0
2018-05-07,100000.0,100000.0,0.0
2018-05-08,100000.0,100000.0,0.0
2018-05-09,100000.0,100000.0,0.0
2018-05-10,100000.0,100000.0,0.0
2018-05-11,99405.90510806238,100000.0,-0.5940948919376242
2018-05-14,99185.17923983728,100000.0,-0.8148207601627218
2018-05-15,98327.4117799679,100000.0,-1.6725882200321067
2018-05-16,98013.40967695953,100000.0,-1.9865903230404653
2018-05-17,98013.40967695953,100000.0,-1.9865903230404653
2018-05-18,98013.40967695953,100000.0,-1.9865903230404653
2018-05-21,98013.40967695953,100000.0,-1.9865903230404653
2018-05-22,98013.40967695953,100000.0,-1.9865903230404653
2018-05-23,98013.40967695953,100000.0,-1.9865903230404653
2018-05-24,98013.40967695953,100000.0,-1.9865903230404653
2018-05-25,98013.40967695953,100000.0,-1.9865903230404653
2018-05-29,98013.40967695953,100000.0,-1.9865903230404653
2018-05-30,98013.40967695953,100000.0,-1.9865903230404653
2018-05-31,98013.40967695953,100000.0,-1.9865903230404653
2018-06-01,98013.40967695953,100000.0,-1.9865903230404653
2018-06-04,98013.40967695953,100000.0,-1.9865903230404653
2018-06-05,98013.40967695953,100000.0,-1.9865903230404653
2018-06-06,98013.40967695953,100000.0,-1.9865903230404653
2018-06-07,98013.40967695953,100000.0,-1.9865903230404653
2018-06-08,98013.40967695953,100000.0,-1.9865903230404653
2018-06-11,98013.40967695953,100000.0,-1.9865903230404653
2018-06-12,98013.40967695953,100000.0,-1.9865903230404653
2018-06-13,98013.40967695953,100000.0,-1.9865903230404653
2018-06-14,98013.40967695953,100000.0,-1.9865903230404653
2018-06-15,98013.40967695953,100000.0,-1.9865903230404653
2018-06-18,98013.40967695953,100000.0,-1.9865903230404653
2018-06-19,98013.40967695953,100000.0,-1.9865903230404653
2018-06-20,98013.40967695953,100000.0,-1.9865903230404653
2018-06-21,98013.40967695953,100000.0,-1.9865903230404653
2018-06-22,98013.40967695953,100000.0,-1.9865903230404653
2018-06-25,98013.40967695953,100000.0,-1.9865903230404653
2018-06-26,98013.40967695953,100000.0,-1.9865903230404653
2018-06-27,98013.40967695953,100000.0,-1.9865903230404653
2018-06-28,98013.40967695953,100000.0,-1.9865903230404653
2018-06-29,98013.40967695953,100000.0,-1.9865903230404653
2018-07-02,98013.40967695953,100000.0,-1.9865903230404653
2018-07-03,98013.40967695953,100000.0,-1.9865903230404653
2018-07-05,98013.40967695953,100000.0,-1.9865903230404653
2018-07-06,98013.40967695953,100000.0,-1.9865903230404653
2018-07-09,98013.40967695953,100000.0,-1.9865903230404653
2018-07-10,98013.40967695953,100000.0,-1.9865903230404653
2018-07-11,98013.40967695953,100000.0,-1.9865903230404653
2018-07-12,98013.40967695953,100000.0,-1.9865903230404653
2018-07-13,98013.40967695953,100000.0,-1.9865903230404653
2018-07-16,98013.40967695953,100000.0,-1.9865903230404653
2018-07-17,98013.40967695953,100000.0,-1.9865903230404653
2018-07-18,98013.40967695953,100000.0,-1.9865903230404653
2018-07-19,98013.40967695953,100000.0,-1.9865903230404653
2018-07-20,98013.40967695953,100000.0,-1.9865903230404653
2018-07-23,98013.40967695953,100000.0,-1.9865903230404653
2018-07-24,98013.40967695953,100000.0,-1.9865903230404653
2018-07-25,98722.55425217291,100000.0,-1.2774457478270924
2018-07-26,98428.34641602178,100000.0,-1.5716535839782153
2018-07-27,96870.51369812628,100000.0,-3.1294863018737233
2018-07-30,96354.42987778326,100000.0,-3.645570122216741
2018-07-31,96404.922747345,100000.0,-3.595077252654999
2018-08-01,96404.922747345,100000.0,-3.595077252654999
2018-08-02,96404.922747345,100000.0,-3.595077252654999
2018-08-03,96404.922747345,100000.0,-3.595077252654999
2018-08-06,96404.922747345,100000.0,-3.595077252654999
2018-08-07,96404.922747345,100000.0,-3.595077252654999
2018-08-08,96404.922747345,100000.0,-3.595077252654999
2018-08-09,96404.922747345,100000.0,-3.595077252654999
2018-08-10,96404.922747345,100000.0,-3.595077252654999
2018-08-13,96404.922747345,100000.0,-3.595077252654999
2018-08-14,96404.922747345,100000.0,-3.595077252654999
2018-08-15,96404.922747345,100000.0,-3.595077252654999
2018-08-16,96404.922747345,100000.0,-3.595077252654999
2018-08-17,96404.922747345,100000.0,-3.595077252654999
2018-08-20,96404.922747345,100000.0,-3.595077252654999
2018-08-21,96404.922747345,100000.0,-3.595077252654999
2018-08-22,96404.922747345,100000.0,-3.595077252654999
2018-08-23,96404.922747345,100000.0,-3.595077252654999
2018-08-24,96404.922747345,100000.0,-3.595077252654999
2018-08-27,96404.922747345,100000.0,-3.595077252654999
2018-08-28,96404.922747345,100000.0,-3.595077252654999
2018-08-29,96404.922747345,100000.0,-3.595077252654999
2018-08-30,96404.922747345,100000.0,-3.595077252654999
2018-08-31,96404.922747345,100000.0,-3.595077252654999
2018-09-04,96404.922747345,100000.0,-3.595077252654999
2018-09-05,96404.922747345,100000.0,-3.595077252654999
2018-09-06,96404.922747345,100000.0,-3.595077252654999
2018-09-07,96404.922747345,100000.0,-3.595077252654999
2018-09-10,96404.922747345,100000.0,-3.595077252654999
2018-09-11,96404.922747345,100000.0,-3.595077252654999
2018-09-12,96404.922747345,100000.0,-3.595077252654999
2018-09-13,96404.922747345,100000.0,-3.595077252654999
2018-09-14,96404.922747345,100000.0,-3.595077252654999
2018-09-17,96404.922747345,100000.0,-3.595077252654999
2018-09-18,96404.922747345,100000.0,-3.595077252654999
2018-09-19,96404.922747345,100000.0,-3.595077252654999
2018-09-20,96404.922747345,100000.0,-3.595077252654999
2018-09-21,96404.922747345,100000.0,-3.595077252654999
2018-09-24,96404.922747345,100000.0,-3.595077252654999
2018-09-25,96404.922747345,100000.0,-3.595077252654999
2018-09-26,96404.922747345,100000.0,-3.595077252654999
2018-09-27,96404.922747345,100000.0,-3.595077252654999
2018-09-28,96404.922747345,100000.0,-3.595077252654999
2018-10-01,96404.922747345,100000.0,-3.595077252654999
2018-10-02,96404.922747345,100000.0,-3.595077252654999
2018-10-03,96404.922747345,100000.0,-3.595077252654999
2018-10-04,96404.922747345,100000.0,-3.595077252654999
2018-10-05,96404.922747345,100000.0,-3.595077252654999
2018-10-08,96404.922747345,100000.0,-3.595077252654999
2018-10-09,96404.922747345,100000.0,-3.595077252654999
2018-10-10,96404.922747345,100000.0,-3.595077252654999
2018-10-11,96404.922747345,100000.0,-3.595077252654999
2018-10-12,96404.922747345,100000.0,-3.595077252654999
2018-10-15,96404.922747345,100000.0,-3.595077252654999
2018-10-16,96404.922747345,100000.0,-3.595077252654999
2018-10-17,96404.922747345,100000.0,-3.595077252654999
2018-10-18,96404.922747345,100000.0,-3.595077252654999
2018-10-19,96404.922747345,100000.0,-3.595077252654999
2018-10-22,96404.922747345,100000.0,-3.595077252654999
2018-10-23,96404.922747345,100000.0,-3.595077252654999
2018-10-24,96404.922747345,100000.0,-3.595077252654999
2018-10-25,96404.922747345,100000.0,-3.595077252654999
2018-10-26,96404.922747345,100000.0,-3.595077252654999
2018-10-29,96404.922747345,100000.0,-3.595077252654999
2018-10-30,96404.922747345,100000.0,-3.595077252654999
2018-10-31,96404.922747345,100000.0,-3.595077252654999
2018-11-01,96404.922747345,100000.0,-3.595077252654999
2018-11-02,96404.922747345,100000.0,-3.595077252654999
2018-11-05,96404.922747345,100000.0,-3.595077252654999
2018-11-06,96404.922747345,100000.0,-3.595077252654999
2018-11-07,96404.922747345,100000.0,-3.595077252654999
2018-11-08,96404.922747345,100000.0,-3.595077252654999
2018-11-09,96404.922747345,100000.0,-3.595077252654999
2018-11-12,96404.922747345,100000.0,-3.595077252654999
2018-11-13,96404.922747345,100000.0,-3.595077252654999
2018-11-14,96404.922747345,100000.0,-3.595077252654999
2018-11-15,96404.922747345,100000.0,-3.595077252654999
2018-11-16,96404.922747345,100000.0,-3.595077252654999
2018-11-19,96404.922747345,100000.0,-3.595077252654999
2018-11-20,96404.922747345,100000.0,-3.595077252654999
2018-11-21,96404.922747345,100000.0,-3.595077252654999
2018-11-23,96404.922747345,100000.0,-3.595077252654999
2018-11-26,96404.922747345,100000.0,-3.595077252654999
2018-11-27,96404.922747345,100000.0,-3.595077252654999
2018-11-28,96404.922747345,100000.0,-3.595077252654999
2018-11-29,96404.922747345,100000.0,-3.595077252654999
2018-11-30,96404.922747345,100000.0,-3.595077252654999
2018-12-03,96404.922747345,100000.0,-3.595077252654999
2018-12-04,96404.922747345,100000.0,-3.595077252654999
2018-12-06,96404.922747345,100000.0,-3.595077252654999
2018-12-07,96404.922747345,100000.0,-3.595077252654999
2018-12-10,96404.922747345,100000.0,-3.595077252654999
2018-12-11,96404.922747345,100000.0,-3.595077252654999
2018-12-12,96404.922747345,100000.0,-3.595077252654999
2018-12-13,96404.922747345,100000.0,-3.595077252654999
2018-12-14,96404.922747345,100000.0,-3.595077252654999
2018-12-17,96404.922747345,100000.0,-3.595077252654999
2018-12-18,96404.922747345,100000.0,-3.595077252654999
2018-12-19,96404.922747345,100000.0,-3.595077252654999
2018-12-20,96404.922747345,100000.0,-3.595077252654999
2018-12-21,96404.922747345,100000.0,-3.595077252654999
2018-12-24,96404.922747345,100000.0,-3.595077252654999
2018-12-26,96404.922747345,100000.0,-3.595077252654999
2018-12-27,96404.922747345,100000.0,-3.595077252654999
2018-12-28,96404.922747345,100000.0,-3.595077252654999
2018-12-31,96404.922747345,100000.0,-3.595077252654999
2019-01-02,96404.922747345,100000.0,-3.595077252654999
2019-01-03,96404.922747345,100000.0,-3.595077252654999
2019-01-04,96404.922747345,100000.0,-3.595077252654999
2019-01-07,96404.922747345,100000.0,-3.595077252654999
2019-01-08,96404.922747345,100000.0,-3.595077252654999
2019-01-09,96404.922747345,100000.0,-3.595077252654999
2019-01-10,96404.922747345,100000.0,-3.595077252654999
2019-01-11,96404.922747345,100000.0,-3.595077252654999
2019-01-14,96404.922747345,100000.0,-3.595077252654999
2019-01-15,96404.922747345,100000.0,-3.595077252654999
2019-01-16,96404.922747345,100000.0,-3.595077252654999
2019-01-17,96404.922747345,100000.0,-3.595077252654999
2019-01-18,96404.922747345,100000.0,-3.595077252654999
2019-01-22,96404.922747345,100000.0,-3.595077252654999
2019-01-23,96404.922747345,100000.0,-3.595077252654999
2019-01-24,96404.922747345,100000.0,-3.595077252654999
2019-01-25,96404.922747345,100000.0,-3.595077252654999
2019-01-28,96404.922747345,100000.0,-3.595077252654999
2019-01-29,96404.922747345,100000.0,-3.595077252654999
2019-01-30,96404.922747345,100000.0,-3.595077252654999
2019-01-31,96404.922747345,100000.0,-3.595077252654999
2019-02-01,96404.922747345,100000.0,-3.595077252654999
2019-02-04,96404.922747345,100000.0,-3.595077252654999
2019-02-05,96404.922747345,100000.0,-3.595077252654999
2019-02-06,96404.922747345,100000.0,-3.595077252654999
2019-02-07,96404.922747345,100000.0,-3.595077252654999
2019-02-08,96404.922747345,100000.0,-3.595077252654999
2019-02-11,96404.922747345,100000.0,-3.595077252654999
2019-02-12,96404.922747345,100000.0,-3.595077252654999
2019-02-13,95618.65930798948,100000.0,-4.381340692010519
2019-02-14,95950.91666272581,100000.0,-4.049083337274191
2019-02-15,95747.27090695799,100000.0,-4.252729093042014
2019-02-19,96020.59736493528,100000.0,-3.979402635064718
2019-02-20,96610.06933835447,100000.0,-3.3899306616455287
2019-02-21,96090.22659161985,100000.0,-3.9097734083801483
2019-02-22,97113.83456281126,100000.0,-2.8861654371887417
2019-02-25,97789.0390229553,100000.0,-2.2109609770446985
2019-02-26,97842.65078214109,100000.0,-2.1573492178589078
2019-02-27,98132.02044537962,100000.0,-1.8679795546203823
2019-02-28,97210.2739587158,100000.0,-2.789726041284201
2019-03-01,98185.64936307371,100000.0,-1.8143506369262905
2019-03-04,98657.20806744993,100000.0,-1.3427919325500697
2019-03-05,98485.73451474607,100000.0,-1.5142654852539272
2019-03-06,97944.47794965208,100000.0,-2.0555220503479212
2019-03-07,96861.93050244749,100000.0,-3.1380694975525114
2019-03-08,97081.68809750974,100000.0,-2.918311902490255
2019-03-11,100291.71040967405,100291.71040967405,0.0
2019-03-12,101368.89582303465,101368.89582303465,0.0
2019-03-13,101940.53985100762,101940.53985100762,0.0
2019-03-14,101940.53985100762,101940.53985100762,0.0
2019-03-15,101940.53985100762,101940.53985100762,0.0
2019-03-18,101940.53985100762,101940.53985100762,0.0
2019-03-19,101940.53985100762,101940.53985100762,0.0
2019-03-20,101940.53985100762,101940.53985100762,0.0
2019-03-21,101940.53985100762,101940.53985100762,0.0
2019-03-22,101940.53985100762,101940.53985100762,0.0
2019-03-25,101940.53985100762,101940.53985100762,0.0
2019-03-26,101940.53985100762,101940.53985100762,0.0
2019-03-27,101940.53985100762,101940.53985100762,0.0
2019-03-28,101940.53985100762,101940.53985100762,0.0
2019-03-29,101940.53985100762,101940.53985100762,0.0
2019-04-01,101940.53985100762,101940.53985100762,0.0
2019-04-02,101940.53985100762,101940.53985100762,0.0
2019-04-03,101940.53985100762,101940.53985100762,0.0
2019-04-04,101940.53985100762,101940.53985100762,0.0
2019-04-05,101940.53985100762,101940.53985100762,0.0
2019-04-08,101940.53985100762,101940.53985100762,0.0
2019-04-09,101940.53985100762,101940.53985100762,0.0
2019-04-10,101940.53985100762,101940.53985100762,0.0
2019-04-11,101940.53985100762,101940.53985100762,0.0
2019-04-12,101940.53985100762,101940.53985100762,0.0
2019-04-15,101940.53985100762,101940.53985100762,0.0
2019-04-16,101940.53985100762,101940.53985100762,0.0
2019-04-17,101940.53985100762,101940.53985100762,0.0
2019-04-18,101940.53985100762,101940.53985100762,0.0
2019-04-22,101940.53985100762,101940.53985100762,0.0
2019-04-23,101940.53985100762,101940.53985100762,0.0
2019-04-24,101940.53985100762,101940.53985100762,0.0
2019-04-25,101940.53985100762,101940.53985100762,0.0
2019-04-26,101940.53985100762,101940.53985100762,0.0
2019-04-29,101940.53985100762,101940.53985100762,0.0
2019-04-30,101940.53985100762,101940.53985100762,0.0
2019-05-01,101940.53985100762,101940.53985100762,0.0
2019-05-02,101940.53985100762,101940.53985100762,0.0
2019-05-03,101940.53985100762,101940.53985100762,0.0
2019-05-06,101940.53985100762,101940.53985100762,0.0
2019-05-07,101940.53985100762,101940.53985100762,0.0
2019-05-08,101940.53985100762,101940.53985100762,0.0
2019-05-09,101940.53985100762,101940.53985100762,0.0
2019-05-10,101940.53985100762,101940.53985100762,0.0
2019-05-13,101940.53985100762,101940.53985100762,0.0
2019-05-14,101940.53985100762,101940.53985100762,0.0
2019-05-15,101940.53985100762,101940.53985100762,0.0
2019-05-16,101940.53985100762,101940.53985100762,0.0
2019-05-17,101940.53985100762,101940.53985100762,0.0
2019-05-20,101940.53985100762,101940.53985100762,0.0
2019-05-21,101940.53985100762,101940.53985100762,0.0
2019-05-22,101940.53985100762,101940.53985100762,0.0
2019-05-23,101940.53985100762,101940.53985100762,0.0
2019-05-24,101940.53985100762,101940.53985100762,0.0
2019-05-28,101940.53985100762,101940.53985100762,0.0
2019-05-29,101940.53985100762,101940.53985100762,0.0
2019-05-30,101940.53985100762,101940.53985100762,0.0
2019-05-31,101940.53985100762,101940.53985100762,0.0
2019-06-03,101940.53985100762,101940.53985100762,0.0
2019-06-04,101940.53985100762,101940.53985100762,0.0
2019-06-05,101940.53985100762,101940.53985100762,0.0
2019-06-06,101940.53985100762,101940.53985100762,0.0
2019-06-07,101940.53985100762,101940.53985100762,0.0
2019-06-10,101940.53985100762,101940.53985100762,0.0
2019-06-11,101940.53985100762,101940.53985100762,0.0
2019-06-12,101940.53985100762,101940.53985100762,0.0
2019-06-13,101940.53985100762,101940.53985100762,0.0
2019-06-14,101940.53985100762,101940.53985100762,0.0
2019-06-17,101940.53985100762,101940.53985100762,0.0
2019-06-18,101940.53985100762,101940.53985100762,0.0
2019-06-19,101940.53985100762,101940.53985100762,0.0
2019-06-20,101940.53985100762,101940.53985100762,0.0
2019-06-21,101940.53985100762,101940.53985100762,0.0
2019-06-24,101940.53985100762,101940.53985100762,0.0
2019-06-25,101940.53985100762,101940.53985100762,0.0
2019-06-26,101940.53985100762,101940.53985100762,0.0
2019-06-27,101940.53985100762,101940.53985100762,0.0
2019-06-28,101940.53985100762,101940.53985100762,0.0
2019-07-01,101940.53985100762,101940.53985100762,0.0
2019-07-02,102429.3963322911,102429.3963322911,0.0
2019-07-03,103236.29913380477,103236.29913380477,0.0
2019-07-05,103149.84936573837,103236.29913380477,-0.08373970085304834
2019-07-08,101127.72448780868,103236.29913380477,-2.0424740751924535
2019-07-09,101713.69244435165,103236.29913380477,-1.474875312490301
2019-07-10,102669.51925709579,103236.29913380477,-0.5490121996473158
2019-07-11,101958.67175343368,103236.29913380477,-1.237575727811744
2019-07-12,102703.15393116805,103236.29913380477,-0.5164319208553846
2019-07-15,103620.55862477157,103620.55862477157,0.0
2019-07-16,103279.5393376622,103620.55862477157,-0.3291038879111493
2019-07-17,102727.15243580673,103620.55862477157,-0.8621900912540205
2019-07-18,103836.71368458602,103836.71368458602,0.0
2019-07-19,102362.11166432235,103836.71368458602,-1.4201162266584408
2019-07-22,104585.99862721298,104585.99862721298,0.0
2019-07-23,105364.13079884383,105364.13079884383,0.0
2019-07-24,105282.4761357579,105364.13079884383,-0.07749759094186301
2019-07-25,104489.9356694493,105364.13079884383,-0.8296894994213001
2019-07-26,104835.77304127548,105364.13079884383,-0.5014588490053363
2019-07-29,105767.60134938094,105767.60134938094,0.0
2019-07-30,105335.29888966415,105767.60134938094,-0.408728622188166
2019-07-31,107381.46057179305,107381.46057179305,0.0
2019-08-01,107640.46070538057,107640.46070538057,0.0
2019-08-02,107640.46070538057,107640.46070538057,0.0
2019-08-05,107640.46070538057,107640.46070538057,0.0
2019-08-06,107640.46070538057,107640.46070538057,0.0
2019-08-07,107640.46070538057,107640.46070538057,0.0
2019-08-08,107640.46070538057,107640.46070538057,0.0
2019-08-09,107640.46070538057,107640.46070538057,0.0
2019-08-12,107640.46070538057,107640.46070538057,0.0
2019-08-13,107640.46070538057,107640.46070538057,0.0
2019-08-14,107640.46070538057,107640.46070538057,0.0
2019-08-15,107640.46070538057,107640.46070538057,0.0
2019-08-16,107640.46070538057,107640.46070538057,0.0
2019-08-19,107640.46070538057,107640.46070538057,0.0
2019-08-20,107640.46070538057,107640.46070538057,0.0
2019-08-21,107640.46070538057,107640.46070538057,0.0
2019-08-22,107640.46070538057,107640.46070538057,0.0
2019-08-23,107640.46070538057,107640.46070538057,0.0
2019-08-26,107640.46070538057,107640.46070538057,0.0
2019-08-27,107640.46070538057,107640.46070538057,0.0
2019-08-28,107640.46070538057,107640.46070538057,0.0
2019-08-29,107640.46070538057,107640.46070538057,0.0
2019-08-30,107640.46070538057,107640.46070538057,0.0
2019-09-03,107640.46070538057,107640.46070538057,0.0
2019-09-04,107640.46070538057,107640.46070538057,0.0
2019-09-05,107640.46070538057,107640.46070538057,0.0
2019-09-06,107640.46070538057,107640.46070538057,0.0
2019-09-09,107640.46070538057,107640.46070538057,0.0
2019-09-10,107640.46070538057,107640.46070538057,0.0
2019-09-11,107640.46070538057,107640.46070538057,0.0
2019-09-12,107640.46070538057,107640.46070538057,0.0
2019-09-13,107640.46070538057,107640.46070538057,0.0
2019-09-16,107640.46070538057,107640.46070538057,0.0
2019-09-17,107640.46070538057,107640.46070538057,0.0
2019-09-18,107640.46070538057,107640.46070538057,0.0
2019-09-19,107640.46070538057,107640.46070538057,0.0
2019-09-20,107640.46070538057,107640.46070538057,0.0
2019-09-23,107640.46070538057,107640.46070538057,0.0
2019-09-24,107640.46070538057,107640.46070538057,0.0
2019-09-25,107640.46070538057,107640.46070538057,0.0
2019-09-26,107640.46070538057,107640.46070538057,0.0
2019-09-27,107640.46070538057,107640.46070538057,0.0
2019-09-30,107640.46070538057,107640.46070538057,0.0
2019-10-01,107640.46070538057,107640.46070538057,0.0
2019-10-02,107640.46070538057,107640.46070538057,0.0
2019-10-03,107640.46070538057,107640.46070538057,0.0
2019-10-04,107640.46070538057,107640.46070538057,0.0
2019-10-07,107640.46070538057,107640.46070538057,0.0
2019-10-08,107640.46070538057,107640.46070538057,0.0
2019-10-09,107640.46070538057,107640.46070538057,0.0
2019-10-10,107640.46070538057,107640.46070538057,0.0
2019-10-11,107640.46070538057,107640.46070538057,0.0
2019-10-14,107640.46070538057,107640.46070538057,0.0
2019-10-15,107640.46070538057,107640.46070538057,0.0
2019-10-16,107640.46070538057,107640.46070538057,0.0
2019-10-17,107640.46070538057,107640.46070538057,0.0
2019-10-18,107640.46070538057,107640.46070538057,0.0
2019-10-21,107640.46070538057,107640.46070538057,0.0
2019-10-22,107640.46070538057,107640.46070538057,0.0
2019-10-23,107640.46070538057,107640.46070538057,0.0
2019-10-24,107640.46070538057,107640.46070538057,0.0
2019-10-25,107640.46070538057,107640.46070538057,0.0
2019-10-28,107640.46070538057,107640.46070538057,0.0
2019-10-29,107640.46070538057,107640.46070538057,0.0
2019-10-30,107640.46070538057,107640.46070538057,0.0
2019-10-31,107640.46070538057,107640.46070538057,0.0
2019-11-01,107640.46070538057,107640.46070538057,0.0
2019-11-04,107640.46070538057,107640.46070538057,0.0
2019-11-05,107640.46070538057,107640.46070538057,0.0
2019-11-06,107640.46070538057,107640.46070538057,0.0
2019-11-07,107640.46070538057,107640.46070538057,0.0
2019-11-08,107640.46070538057,107640.46070538057,0.0
2019-11-11,107640.46070538057,107640.46070538057,0.0
2019-11-12,107640.46070538057,107640.46070538057,0.0
2019-11-13,107640.46070538057,107640.46070538057,0.0
2019-11-14,107640.46070538057,107640.46070538057,0.0
2019-11-15,107640.46070538057,107640.46070538057,0.0
2019-11-18,107640.46070538057,107640.46070538057,0.0
2019-11-19,107640.46070538057,107640.46070538057,0.0
2019-11-20,107640.46070538057,107640.46070538057,0.0
2019-11-21,107640.46070538057,107640.46070538057,0.0
2019-11-22,107640.46070538057,107640.46070538057,0.0
2019-11-25,107640.46070538057,107640.46070538057,0.0
2019-11-26,107640.46070538057,107640.46070538057,0.0
2019-11-27,107640.46070538057,107640.46070538057,0.0
2019-11-29,107640.46070538057,107640.46070538057,0.0
2019-12-02,107640.46070538057,107640.46070538057,0.0
2019-12-03,107640.46070538057,107640.46070538057,0.0
2019-12-04,107640.46070538057,107640.46070538057,0.0
2019-12-05,107640.46070538057,107640.46070538057,0.0
2019-12-06,107640.46070538057,107640.46070538057,0.0
2019-12-09,107640.46070538057,107640.46070538057,0.0
2019-12-10,107640.46070538057,107640.46070538057,0.0
2019-12-11,107640.46070538057,107640.46070538057,0.0
2019-12-12,107640.46070538057,107640.46070538057,0.0
2019-12-13,107640.46070538057,107640.46070538057,0.0
2019-12-16,107640.46070538057,107640.46070538057,0.0
2019-12-17,107640.46070538057,107640.46070538057,0.0
2019-12-18,107640.46070538057,107640.46070538057,0.0
2019-12-19,107640.46070538057,107640.46070538057,0.0
2019-12-20,107640.46070538057,107640.46070538057,0.0
2019-12-23,107640.46070538057,107640.46070538057,0.0
2019-12-24,107640.46070538057,107640.46070538057,0.0
2019-12-26,107640.46070538057,107640.46070538057,0.0
2019-12-27,107640.46070538057,107640.46070538057,0.0
2019-12-30,107640.46070538057,107640.46070538057,0.0
2019-12-31,107640.46070538057,107640.46070538057,0.0
2020-01-02,107640.46070538057,107640.46070538057,0.0
2020-01-03,107640.46070538057,107640.46070538057,0.0
2020-01-06,107640.46070538057,107640.46070538057,0.0
2020-01-07,107640.46070538057,107640.46070538057,0.0
2020-01-08,107640.46070538057,107640.46070538057,0.0
2020-01-09,107640.46070538057,107640.46070538057,0.0
2020-01-10,107640.46070538057,107640.46070538057,0.0
2020-01-13,107640.46070538057,107640.46070538057,0.0
2020-01-14,107640.46070538057,107640.46070538057,0.0
2020-01-15,107640.46070538057,107640.46070538057,0.0
2020-01-16,107640.46070538057,107640.46070538057,0.0
2020-01-17,107640.46070538057,107640.46070538057,0.0
2020-01-21,107640.46070538057,107640.46070538057,0.0
2020-01-22,107640.46070538057,107640.46070538057,0.0
2020-01-23,107640.46070538057,107640.46070538057,0.0
2020-01-24,107640.46070538057,107640.46070538057,0.0
2020-01-27,107640.46070538057,107640.46070538057,0.0
2020-01-28,107640.46070538057,107640.46070538057,0.0
2020-01-29,107640.46070538057,107640.46070538057,0.0
2020-01-30,107640.46070538057,107640.46070538057,0.0
2020-01-31,107640.46070538057,107640.46070538057,0.0
2020-02-03,107640.46070538057,107640.46070538057,0.0
2020-02-04,107640.46070538057,107640.46070538057,0.0
2020-02-05,107640.46070538057,107640.46070538057,0.0
2020-02-06,107640.46070538057,107640.46070538057,0.0
2020-02-07,107640.46070538057,107640.46070538057,0.0
2020-02-10,107640.46070538057,107640.46070538057,0.0
2020-02-11,107640.46070538057,107640.46070538057,0.0
2020-02-12,107640.46070538057,107640.46070538057,0.0
2020-02-13,107640.46070538057,107640.46070538057,0.0
2020-02-14,107640.46070538057,107640.46070538057,0.0
2020-02-18,107640.46070538057,107640.46070538057,0.0
2020-02-19,107640.46070538057,107640.46070538057,0.0
2020-02-20,107640.46070538057,107640.46070538057,0.0
2020-02-21,107640.46070538057,107640.46070538057,0.0
2020-02-24,107640.46070538057,107640.46070538057,0.0
2020-02-25,107640.46070538057,107640.46070538057,0.0
2020-02-26,107640.46070538057,107640.46070538057,0.0
2020-02-27,107640.46070538057,107640.46070538057,0.0
2020-02-28,107640.46070538057,107640.46070538057,0.0
2020-03-02,107640.46070538057,107640.46070538057,0.0
2020-03-03,107640.46070538057,107640.46070538057,0.0
2020-03-04,107640.46070538057,107640.46070538057,0.0
2020-03-05,107640.46070538057,107640.46070538057,0.0
2020-03-06,107640.46070538057,107640.46070538057,0.0
2020-03-09,107640.46070538057,107640.46070538057,0.0
2020-03-10,107640.46070538057,107640.46070538057,0.0
2020-03-11,107640.46070538057,107640.46070538057,0.0
2020-03-12,107640.46070538057,107640.46070538057,0.0
2020-03-13,107640.46070538057,107640.46070538057,0.0
2020-03-16,107640.46070538057,107640.46070538057,0.0
2020-03-17,107640.46070538057,107640.46070538057,0.0
2020-03-18,107640.46070538057,107640.46070538057,0.0
2020-03-19,107640.46070538057,107640.46070538057,0.0
2020-03-20,107640.46070538057,107640.46070538057,0.0
2020-03-23,107640.46070538057,107640.46070538057,0.0
2020-03-24,107640.46070538057,107640.46070538057,0.0
2020-03-25,107640.46070538057,107640.46070538057,0.0
2020-03-26,107640.46070538057,107640.46070538057,0.0
2020-03-27,107640.46070538057,107640.46070538057,0.0
2020-03-30,107640.46070538057,107640.46070538057,0.0
2020-03-31,107640.46070538057,107640.46070538057,0.0
2020-04-01,107640.46070538057,107640.46070538057,0.0
2020-04-02,107640.46070538057,107640.46070538057,0.0
2020-04-03,107640.46070538057,107640.46070538057,0.0
2020-04-06,107640.46070538057,107640.46070538057,0.0
2020-04-07,107640.46070538057,107640.46070538057,0.0
2020-04-08,107640.46070538057,107640.46070538057,0.0
2020-04-09,107640.46070538057,107640.46070538057,0.0
2020-04-13,107640.46070538057,107640.46070538057,0.0
2020-04-14,107640.46070538057,107640.46070538057,0.0
2020-04-15,107640.46070538057,107640.46070538057,0.0
2020-04-16,107640.46070538057,107640.46070538057,0.0
2020-04-17,107640.46070538057,107640.46070538057,0.0
2020-04-20,107640.46070538057,107640.46070538057,0.0
2020-04-21,107640.46070538057,107640.46070538057,0.0
2020-04-22,107640.46070538057,107640.46070538057,0.0
2020-04-23,107640.46070538057,107640.46070538057,0.0
2020-04-24,107640.46070538057,107640.46070538057,0.0
2020-04-27,107640.46070538057,107640.46070538057,0.0
2020-04-28,107640.46070538057,107640.46070538057,0.0
2020-04-29,107640.46070538057,107640.46070538057,0.0
2020-04-30,107640.46070538057,107640.46070538057,0.0
2020-05-01,108472.02236039408,108472.02236039408,0.0
2020-05-04,109894.76139695414,109894.76139695414,0.0
2020-05-05,111425.34016282328,111425.34016282328,0.0
2020-05-06,112277.39311257958,112277.39311257958,0.0
2020-05-07,112277.39311257958,112277.39311257958,0.0
2020-05-08,112277.39311257958,112277.39311257958,0.0
2020-05-11,112277.39311257958,112277.39311257958,0.0
2020-05-12,112277.39311257958,112277.39311257958,0.0
2020-05-13,112277.39311257958,112277.39311257958,0.0
2020-05-14,112277.39311257958,112277.39311257958,0.0
2020-05-15,112277.39311257958,112277.39311257958,0.0
2020-05-18,112277.39311257958,112277.39311257958,0.0
2020-05-19,112277.39311257958,112277.39311257958,0.0
2020-05-20,112277.39311257958,112277.39311257958,0.0
2020-05-21,112277.39311257958,112277.39311257958,0.0
2020-05-22,112277.39311257958,112277.39311257958,0.0
2020-05-26,112277.39311257958,112277.39311257958,0.0
2020-05-27,112277.39311257958,112277.39311257958,0.0
2020-05-28,112277.39311257958,112277.39311257958,0.0
2020-05-29,112277.39311257958,112277.39311257958,0.0
2020-06-01,112277.39311257958,112277.39311257958,0.0
2020-06-02,112277.39311257958,112277.39311257958,0.0
2020-06-03,112277.39311257958,112277.39311257958,0.0
2020-06-04,112277.39311257958,112277.39311257958,0.0
2020-06-05,112277.39311257958,112277.39311257958,0.0
2020-06-08,112277.39311257958,112277.39311257958,0.0
2020-06-09,112277.39311257958,112277.39311257958,0.0
2020-06-10,112277.39311257958,112277.39311257958,0.0
2020-06-11,112277.39311257958,112277.39311257958,0.0
2020-06-12,112277.39311257958,112277.39311257958,0.0
2020-06-15,112277.39311257958,112277.39311257958,0.0
2020-06-16,112277.39311257958,112277.39311257958,0.0
2020-06-17,112277.39311257958,112277.39311257958,0.0
2020-06-18,112277.39311257958,112277.39311257958,0.0
2020-06-19,112277.39311257958,112277.39311257958,0.0
2020-06-22,112277.39311257958,112277.39311257958,0.0
2020-06-23,112277.39311257958,112277.39311257958,0.0
2020-06-24,112277.39311257958,112277.39311257958,0.0
2020-06-25,112277.39311257958,112277.39311257958,0.0
2020-06-26,112277.39311257958,112277.39311257958,0.0
2020-06-29,112277.39311257958,112277.39311257958,0.0
2020-06-30,112277.39311257958,112277.39311257958,0.0
2020-07-01,112277.39311257958,112277.39311257958,0.0
2020-07-02,112277.39311257958,112277.39311257958,0.0
2020-07-06,112277.39311257958,112277.39311257958,0.0
2020-07-07,112277.39311257958,112277.39311257958,0.0
2020-07-08,112277.39311257958,112277.39311257958,0.0
2020-07-09,112277.39311257958,112277.39311257958,0.0
2020-07-10,112277.39311257958,112277.39311257958,0.0
2020-07-13,112277.39311257958,112277.39311257958,0.0
2020-07-14,112277.39311257958,112277.39311257958,0.0
2020-07-15,112277.39311257958,112277.39311257958,0.0
2020-07-16,112277.39311257958,112277.39311257958,0.0
2020-07-17,112277.39311257958,112277.39311257958,0.0
2020-07-20,112277.39311257958,112277.39311257958,0.0
2020-07-21,112277.39311257958,112277.39311257958,0.0
2020-07-22,112277.39311257958,112277.39311257958,0.0
2020-07-23,112277.39311257958,112277.39311257958,0.0
2020-07-24,112277.39311257958,112277.39311257958,0.0
2020-07-27,112277.39311257958,112277.39311257958,0.0
2020-07-28,112277.39311257958,112277.39311257958,0.0
2020-07-29,112277.39311257958,112277.39311257958,0.0
2020-07-30,112277.39311257958,112277.39311257958,0.0
2020-07-31,112277.39311257958,112277.39311257958,0.0
2020-08-03,112277.39311257958,112277.39311257958,0.0
2020-08-04,112277.39311257958,112277.39311257958,0.0
2020-08-05,112277.39311257958,112277.39311257958,0.0
2020-08-06,112277.39311257958,112277.39311257958,0.0
2020-08-07,112277.39311257958,112277.39311257958,0.0
2020-08-10,112277.39311257958,112277.39311257958,0.0
2020-08-11,112277.39311257958,112277.39311257958,0.0
2020-08-12,112277.39311257958,112277.39311257958,0.0
2020-08-13,112277.39311257958,112277.39311257958,0.0
2020-08-14,112277.39311257958,112277.39311257958,0.0
2020-08-17,112277.39311257958,112277.39311257958,0.0
2020-08-18,112277.39311257958,112277.39311257958,0.0
2020-08-19,112277.39311257958,112277.39311257958,0.0
2020-08-20,112277.39311257958,112277.39311257958,0.0
2020-08-21,112277.39311257958,112277.39311257958,0.0
2020-08-24,112277.39311257958,112277.39311257958,0.0
2020-08-25,112277.39311257958,112277.39311257958,0.0
2020-08-26,112277.39311257958,112277.39311257958,0.0
2020-08-27,112277.39311257958,112277.39311257958,0.0
2020-08-28,112277.39311257958,112277.39311257958,0.0
2020-08-31,112277.39311257958,112277.39311257958,0.0
2020-09-01,112277.39311257958,112277.39311257958,0.0
2020-09-02,112277.39311257958,112277.39311257958,0.0
2020-09-03,112277.39311257958,112277.39311257958,0.0
2020-09-04,112277.39311257958,112277.39311257958,0.0
2020-09-08,112277.39311257958,112277.39311257958,0.0
2020-09-09,112277.39311257958,112277.39311257958,0.0
2020-09-10,112277.39311257958,112277.39311257958,0.0
2020-09-11,112277.39311257958,112277.39311257958,0.0
2020-09-14,112277.39311257958,112277.39311257958,0.0
2020-09-15,112277.39311257958,112277.39311257958,0.0
2020-09-16,112277.39311257958,112277.39311257958,0.0
2020-09-17,112277.39311257958,112277.39311257958,0.0
2020-09-18,112277.39311257958,112277.39311257958,0.0
2020-09-21,112277.39311257958,112277.39311257958,0.0
2020-09-22,112277.39311257958,112277.39311257958,0.0
2020-09-23,112277.39311257958,112277.39311257958,0.0
2020-09-24,112277.39311257958,112277.39311257958,0.0
2020-09-25,112277.39311257958,112277.39311257958,0.0
2020-09-28,112277.39311257958,112277.39311257958,0.0
2020-09-29,112277.39311257958,112277.39311257958,0.0
2020-09-30,112277.39311257958,112277.39311257958,0.0
2020-10-01,112277.39311257958,112277.39311257958,0.0
2020-10-02,112277.39311257958,112277.39311257958,0.0
2020-10-05,112277.39311257958,112277.39311257958,0.0
2020-10-06,112277.39311257958,112277.39311257958,0.0
2020-10-07,112277.39311257958,112277.39311257958,0.0
2020-10-08,112277.39311257958,112277.39311257958,0.0
2020-10-09,112277.39311257958,112277.39311257958,0.0
2020-10-12,112277.39311257958,112277.39311257958,0.0
2020-10-13,112277.39311257958,112277.39311257958,0.0
2020-10-14,112277.39311257958,112277.39311257958,0.0
2020-10-15,112277.39311257958,112277.39311257958,0.0
2020-10-16,112277.39311257958,112277.39311257958,0.0
2020-10-19,112277.39311257958,112277.39311257958,0.0
2020-10-20,112277.39311257958,112277.39311257958,0.0
2020-10-21,112277.39311257958,112277.39311257958,0.0
2020-10-22,112277.39311257958,112277.39311257958,0.0
2020-10-23,112277.39311257958,112277.39311257958,0.0
2020-10-26,112277.39311257958,112277.39311257958,0.0
2020-10-27,112277.39311257958,112277.39311257958,0.0
2020-10-28,112277.39311257958,112277.39311257958,0.0
2020-10-29,112277.39311257958,112277.39311257958,0.0
2020-10-30,112277.39311257958,112277.39311257958,0.0
2020-11-02,112277.39311257958,112277.39311257958,0.0
2020-11-03,112277.39311257958,112277.39311257958,0.0
2020-11-04,112277.39311257958,112277.39311257958,0.0
2020-11-05,112277.39311257958,112277.39311257958,0.0
2020-11-06,112450.00027538885,112450.00027538885,0.0
2020-11-09,110324.51306988348,112450.00027538885,-1.8901620278346605
2020-11-10,110010.61898876776,112450.00027538885,-2.1693030508199866
2020-11-11,110947.16510792826,112450.00027538885,-1.336447455562621
2020-11-12,110947.16510792826,112450.00027538885,-1.336447455562621
2020-11-13,110947.16510792826,112450.00027538885,-1.336447455562621
2020-11-16,110947.16510792826,112450.00027538885,-1.336447455562621
2020-11-17,110947.16510792826,112450.00027538885,-1.336447455562621
2020-11-18,110947.16510792826,112450.00027538885,-1.336447455562621
2020-11-19,110947.16510792826,112450.00027538885,-1.336447455562621
2020-11-20,110947.16510792826,112450.00027538885,-1.336447455562621
2020-11-23,110947.16510792826,112450.00027538885,-1.336447455562621
2020-11-24,110947.16510792826,112450.00027538885,-1.336447455562621
2020-11-25,110947.16510792826,112450.00027538885,-1.336447455562621
2020-11-27,110947.16510792826,112450.00027538885,-1.336447455562621
2020-11-30,110947.16510792826,112450.00027538885,-1.336447455562621
2020-12-01,110947.16510792826,112450.00027538885,-1.336447455562621
2020-12-02,110947.16510792826,112450.00027538885,-1.336447455562621
2020-12-03,110947.16510792826,112450.00027538885,-1.336447455562621
2020-12-04,110947.16510792826,112450.00027538885,-1.336447455562621
2020-12-07,110947.16510792826,112450.00027538885,-1.336447455562621
2020-12-08,110947.16510792826,112450.00027538885,-1.336447455562621
2020-12-09,110947.16510792826,112450.00027538885,-1.336447455562621
2020-12-10,110947.16510792826,112450.00027538885,-1.336447455562621
2020-12-11,110947.16510792826,112450.00027538885,-1.336447455562621
2020-12-14,110947.16510792826,112450.00027538885,-1.336447455562621
2020-12-15,110947.16510792826,112450.00027538885,-1.336447455562621
2020-12-16,110947.16510792826,112450.00027538885,-1.336447455562621
2020-12-17,110947.16510792826,112450.00027538885,-1.336447455562621
2020-12-18,110947.16510792826,112450.00027538885,-1.336447455562621
2020-12-21,110947.16510792826,112450.00027538885,-1.336447455562621
2020-12-22,110947.16510792826,112450.00027538885,-1.336447455562621
2020-12-23,110947.16510792826,112450.00027538885,-1.336447455562621
2020-12-24,110947.16510792826,112450.00027538885,-1.336447455562621
2020-12-28,110947.16510792826,112450.00027538885,-1.336447455562621
2020-12-29,110947.16510792826,112450.00027538885,-1.336447455562621
2020-12-30,110947.16510792826,112450.00027538885,-1.336447455562621
2020-12-31,110947.16510792826,112450.00027538885,-1.336447455562621
2021-01-04,110947.16510792826,112450.00027538885,-1.336447455562621
2021-01-05,110947.16510792826,112450.00027538885,-1.336447455562621
2021-01-06,110947.16510792826,112450.00027538885,-1.336447455562621
2021-01-07,110947.16510792826,112450.00027538885,-1.336447455562621
2021-01-08,110947.16510792826,112450.00027538885,-1.336447455562621
2021-01-11,110947.16510792826,112450.00027538885,-1.336447455562621
2021-01-12,110947.16510792826,112450.00027538885,-1.336447455562621
2021-01-13,110947.16510792826,112450.00027538885,-1.336447455562621
2021-01-14,110947.16510792826,112450.00027538885,-1.336447455562621
2021-01-15,110947.16510792826,112450.00027538885,-1.336447455562621
2021-01-19,110947.16510792826,112450.00027538885,-1.336447455562621
2021-01-20,110947.16510792826,112450.00027538885,-1.336447455562621
2021-01-21,110947.16510792826,112450.00027538885,-1.336447455562621
2021-01-22,110947.16510792826,112450.00027538885,-1.336447455562621
2021-01-25,110947.16510792826,112450.00027538885,-1.336447455562621
2021-01-26,110947.16510792826,112450.00027538885,-1.336447455562621
2021-01-27,110947.16510792826,112450.00027538885,-1.336447455562621
2021-01-28,110947.16510792826,112450.00027538885,-1.336447455562621
2021-01-29,110947.16510792826,112450.00027538885,-1.336447455562621
2021-02-01,110947.16510792826,112450.00027538885,-1.336447455562621
2021-02-02,110947.16510792826,112450.00027538885,-1.336447455562621
2021-02-03,110947.16510792826,112450.00027538885,-1.336447455562621
2021-02-04,110947.16510792826,112450.00027538885,-1.336447455562621
2021-02-05,110947.16510792826,112450.00027538885,-1.336447455562621
2021-02-08,110947.16510792826,112450.00027538885,-1.336447455562621
2021-02-09,110947.16510792826,112450.00027538885,-1.336447455562621
2021-02-10,110947.16510792826,112450.00027538885,-1.336447455562621
2021-02-11,110947.16510792826,112450.00027538885,-1.336447455562621
2021-02-12,110947.16510792826,112450.00027538885,-1.336447455562621
2021-02-16,110947.16510792826,112450.00027538885,-1.336447455562621
2021-02-17,110947.16510792826,112450.00027538885,-1.336447455562621
2021-02-18,110947.16510792826,112450.00027538885,-1.336447455562621
2021-02-19,110947.16510792826,112450.00027538885,-1.336447455562621
2021-02-22,110947.16510792826,112450.00027538885,-1.336447455562621
2021-02-23,110947.16510792826,112450.00027538885,-1.336447455562621
2021-02-24,110947.16510792826,112450.00027538885,-1.336447455562621
2021-02-25,110947.16510792826,112450.00027538885,-1.336447455562621
2021-02-26,110947.16510792826,112450.00027538885,-1.336447455562621
2021-03-01,110947.16510792826,112450.00027538885,-1.336447455562621
2021-03-02,110947.16510792826,112450.00027538885,-1.336447455562621
2021-03-03,110947.16510792826,112450.00027538885,-1.336447455562621
2021-03-04,110947.16510792826,112450.00027538885,-1.336447455562621
2021-03-05,110947.16510792826,112450.00027538885,-1.336447455562621
2021-03-08,110947.16510792826,112450.00027538885,-1.336447455562621
2021-03-09,110947.16510792826,112450.00027538885,-1.336447455562621
2021-03-10,110947.16510792826,112450.00027538885,-1.336447455562621
2021-03-11,110947.16510792826,112450.00027538885,-1.336447455562621
2021-03-12,110947.16510792826,112450.00027538885,-1.336447455562621
2021-03-15,110947.16510792826,112450.00027538885,-1.336447455562621
2021-03-16,110947.16510792826,112450.00027538885,-1.336447455562621
2021-03-17,110947.16510792826,112450.00027538885,-1.336447455562621
2021-03-18,110947.16510792826,112450.00027538885,-1.336447455562621
2021-03-19,110947.16510792826,112450.00027538885,-1.336447455562621
2021-03-22,110947.16510792826,112450.00027538885,-1.336447455562621
2021-03-23,110947.16510792826,112450.00027538885,-1.336447455562621
2021-03-24,110947.16510792826,112450.00027538885,-1.336447455562621
2021-03-25,110947.16510792826,112450.00027538885,-1.336447455562621
2021-03-26,110947.16510792826,112450.00027538885,-1.336447455562621
2021-03-29,110947.16510792826,112450.00027538885,-1.336447455562621
2021-03-30,110947.16510792826,112450.00027538885,-1.336447455562621
2021-03-31,110947.16510792826,112450.00027538885,-1.336447455562621
2021-04-01,110947.16510792826,112450.00027538885,-1.336447455562621
2021-04-05,110947.16510792826,112450.00027538885,-1.336447455562621
2021-04-06,110947.16510792826,112450.00027538885,-1.336447455562621
2021-04-07,110947.16510792826,112450.00027538885,-1.336447455562621
2021-04-08,110947.16510792826,112450.00027538885,-1.336447455562621
2021-04-09,110947.16510792826,112450.00027538885,-1.336447455562621
2021-04-12,110947.16510792826,112450.00027538885,-1.336447455562621
2021-04-13,110947.16510792826,112450.00027538885,-1.336447455562621
2021-04-14,110947.16510792826,112450.00027538885,-1.336447455562621
2021-04-15,110947.16510792826,112450.00027538885,-1.336447455562621
2021-04-16,110947.16510792826,112450.00027538885,-1.336447455562621
2021-04-19,110947.16510792826,112450.00027538885,-1.336447455562621
2021-04-20,109296.38137363509,112450.00027538885,-2.8044632227928767
2021-04-21,108555.22770039867,112450.00027538885,-3.4635594179207927
2021-04-22,108555.22770039867,112450.00027538885,-3.4635594179207927
2021-04-23,108555.22770039867,112450.00027538885,-3.4635594179207927
2021-04-26,108555.22770039867,112450.00027538885,-3.4635594179207927
2021-04-27,108555.22770039867,112450.00027538885,-3.4635594179207927
2021-04-28,108555.22770039867,112450.00027538885,-3.4635594179207927
2021-04-29,108555.22770039867,112450.00027538885,-3.4635594179207927
2021-04-30,108555.22770039867,112450.00027538885,-3.4635594179207927
2021-05-03,108555.22770039867,112450.00027538885,-3.4635594179207927
2021-05-04,108555.22770039867,112450.00027538885,-3.4635594179207927
2021-05-05,108555.22770039867,112450.00027538885,-3.4635594179207927
2021-05-06,108555.22770039867,112450.00027538885,-3.4635594179207927
2021-05-07,108555.22770039867,112450.00027538885,-3.4635594179207927
2021-05-10,108555.22770039867,112450.00027538885,-3.4635594179207927
2021-05-11,108555.22770039867,112450.00027538885,-3.4635594179207927
2021-05-12,108555.22770039867,112450.00027538885,-3.4635594179207927
2021-05-13,108555.22770039867,112450.00027538885,-3.4635594179207927
2021-05-14,108555.22770039867,112450.00027538885,-3.4635594179207927
2021-05-17,108555.22770039867,112450.00027538885,-3.4635594179207927
2021-05-18,108555.22770039867,112450.00027538885,-3.4635594179207927
2021-05-19,108555.22770039867,112450.00027538885,-3.4635594179207927
2021-05-20,108555.22770039867,112450.00027538885,-3.4635594179207927
2021-05-21,108555.22770039867,112450.00027538885,-3.4635594179207927
2021-05-24,108555.22770039867,112450.00027538885,-3.4635594179207927
2021-05-25,108555.22770039867,112450.00027538885,-3.4635594179207927
2021-05-26,108555.22770039867,112450.00027538885,-3.4635594179207927
2021-05-27,108555.22770039867,112450.00027538885,-3.4635594179207927
2021-05-28,108555.22770039867,112450.00027538885,-3.4635594179207927
2021-06-01,108555.22770039867,112450.00027538885,-3.4635594179207927
2021-06-02,108555.22770039867,112450.00027538885,-3.4635594179207927
2021-06-03,108555.22770039867,112450.00027538885,-3.4635594179207927
2021-06-04,108555.22770039867,112450.00027538885,-3.4635594179207927
2021-06-07,108555.22770039867,112450.00027538885,-3.4635594179207927
2021-06-08,108555.22770039867,112450.00027538885,-3.4635594179207927
2021-06-09,108555.22770039867,112450.00027538885,-3.4635594179207927
2021-06-10,108555.22770039867,112450.00027538885,-3.4635594179207927
2021-06-11,108555.22770039867,112450.00027538885,-3.4635594179207927
2021-06-14,108555.22770039867,112450.00027538885,-3.4635594179207927
2021-06-15,108555.22770039867,112450.00027538885,-3.4635594179207927
2021-06-16,108555.22770039867,112450.00027538885,-3.4635594179207927
2021-06-17,108555.22770039867,112450.00027538885,-3.4635594179207927
2021-06-18,108555.22770039867,112450.00027538885,-3.4635594179207927
2021-06-21,108555.22770039867,112450.00027538885,-3.4635594179207927
2021-06-22,108555.22770039867,112450.00027538885,-3.4635594179207927
2021-06-23,108555.22770039867,112450.00027538885,-3.4635594179207927
2021-06-24,108555.22770039867,112450.00027538885,-3.4635594179207927
2021-06-25,108555.22770039867,112450.00027538885,-3.4635594179207927
2021-06-28,108555.22770039867,112450.00027538885,-3.4635594179207927
2021-06-29,109569.88727423323,112450.00027538885,-2.561238767543137
2021-06-30,110051.32184454573,112450.00027538885,-2.133106647371085
2021-07-01,110288.24689337386,112450.00027538885,-1.9224129628464985
2021-07-02,112343.93805548323,112450.00027538885,-0.09431944832892673
2021-07-06,113918.2424988426,113918.2424988426,0.0
2021-07-07,114915.33276468332,114915.33276468332,0.0
2021-07-08,114915.33276468332,114915.33276468332,0.0
2021-07-09,114915.33276468332,114915.33276468332,0.0
2021-07-12,114915.33276468332,114915.33276468332,0.0
2021-07-13,114915.33276468332,114915.33276468332,0.0
2021-07-14,114915.33276468332,114915.33276468332,0.0
2021-07-15,114915.33276468332,114915.33276468332,0.0
2021-07-16,114915.33276468332,114915.33276468332,0.0
2021-07-19,114915.33276468332,114915.33276468332,0.0
2021-07-20,114915.33276468332,114915.33276468332,0.0
2021-07-21,114915.33276468332,114915.33276468332,0.0
2021-07-22,114915.33276468332,114915.33276468332,0.0
2021-07-23,114915.33276468332,114915.33276468332,0.0
2021-07-26,114915.33276468332,114915.33276468332,0.0
2021-07-27,114915.33276468332,114915.33276468332,0.0
2021-07-28,114915.33276468332,114915.33276468332,0.0
2021-07-29,114915.33276468332,114915.33276468332,0.0
2021-07-30,114915.33276468332,114915.33276468332,0.0
2021-08-02,114915.33276468332,114915.33276468332,0.0
2021-08-03,114915.33276468332,114915.33276468332,0.0
2021-08-04,114915.33276468332,114915.33276468332,0.0
2021-08-05,114915.33276468332,114915.33276468332,0.0
2021-08-06,114915.33276468332,114915.33276468332,0.0
2021-08-09,114915.33276468332,114915.33276468332,0.0
2021-08-10,114915.33276468332,114915.33276468332,0.0
2021-08-11,114915.33276468332,114915.33276468332,0.0
2021-08-12,114915.33276468332,114915.33276468332,0.0
2021-08-13,114915.33276468332,114915.33276468332,0.0
2021-08-16,114915.33276468332,114915.33276468332,0.0
2021-08-17,114915.33276468332,114915.33276468332,0.0
2021-08-18,114915.33276468332,114915.33276468332,0.0
2021-08-19,114915.33276468332,114915.33276468332,0.0
2021-08-20,114915.33276468332,114915.33276468332,0.0
2021-08-23,114915.33276468332,114915.33276468332,0.0
2021-08-24,114915.33276468332,114915.33276468332,0.0
2021-08-25,114915.33276468332,114915.33276468332,0.0
2021-08-26,114915.33276468332,114915.33276468332,0.0
2021-08-27,114915.33276468332,114915.33276468332,0.0
2021-08-30,114915.33276468332,114915.33276468332,0.0
2021-08-31,114915.33276468332,114915.33276468332,0.0
2021-09-01,114915.33276468332,114915.33276468332,0.0
2021-09-02,114915.33276468332,114915.33276468332,0.0
2021-09-03,114915.33276468332,114915.33276468332,0.0
2021-09-07,114915.33276468332,114915.33276468332,0.0
2021-09-08,114915.33276468332,114915.33276468332,0.0
2021-09-09,114915.33276468332,114915.33276468332,0.0
2021-09-10,114915.33276468332,114915.33276468332,0.0
2021-09-13,114915.33276468332,114915.33276468332,0.0
2021-09-14,114915.33276468332,114915.33276468332,0.0
2021-09-15,114915.33276468332,114915.33276468332,0.0
2021-09-16,114915.33276468332,114915.33276468332,0.0
2021-09-17,114915.33276468332,114915.33276468332,0.0
2021-09-20,114915.33276468332,114915.33276468332,0.0
2021-09-21,114915.33276468332,114915.33276468332,0.0
2021-09-22,114915.33276468332,114915.33276468332,0.0
2021-09-23,114915.33276468332,114915.33276468332,0.0
2021-09-24,114915.33276468332,114915.33276468332,0.0
2021-09-27,114915.33276468332,114915.33276468332,0.0
2021-09-28,114915.33276468332,114915.33276468332,0.0
2021-09-29,114915.33276468332,114915.33276468332,0.0
2021-09-30,114915.33276468332,114915.33276468332,0.0
2021-10-01,114915.33276468332,114915.33276468332,0.0
2021-10-04,114915.33276468332,114915.33276468332,0.0
2021-10-05,114915.33276468332,114915.33276468332,0.0
2021-10-06,114915.33276468332,114915.33276468332,0.0
2021-10-07,114915.33276468332,114915.33276468332,0.0
2021-10-08,114915.33276468332,114915.33276468332,0.0
2021-10-11,114915.33276468332,114915.33276468332,0.0
2021-10-12,114915.33276468332,114915.33276468332,0.0
2021-10-13,114915.33276468332,114915.33276468332,0.0
2021-10-14,114915.33276468332,114915.33276468332,0.0
2021-10-15,114915.33276468332,114915.33276468332,0.0
2021-10-18,114915.33276468332,114915.33276468332,0.0
2021-10-19,114915.33276468332,114915.33276468332,0.0
2021-10-20,114915.33276468332,114915.33276468332,0.0
2021-10-21,114915.33276468332,114915.33276468332,0.0
2021-10-22,114915.33276468332,114915.33276468332,0.0
2021-10-25,114915.33276468332,114915.33276468332,0.0
2021-10-26,114915.33276468332,114915.33276468332,0.0
2021-10-27,114915.33276468332,114915.33276468332,0.0
2021-10-28,114915.33276468332,114915.33276468332,0.0
2021-10-29,114915.33276468332,114915.33276468332,0.0
2021-11-01,114915.33276468332,114915.33276468332,0.0
2021-11-02,114915.33276468332,114915.33276468332,0.0
2021-11-03,114915.33276468332,114915.33276468332,0.0
2021-11-04,114915.33276468332,114915.33276468332,0.0
2021-11-05,114309.14429556328,114915.33276468332,-0.5275087793213421
2021-11-08,113701.4129723211,114915.33276468332,-1.0563601593949334
2021-11-09,113969.11194693047,114915.33276468332,-0.8234069335990748
2021-11-10,111878.32062612969,114915.33276468332,-2.6428258662163415
2021-11-11,112469.11897616631,114915.33276468332,-2.128709659246445
2021-11-12,112469.11897616631,114915.33276468332,-2.128709659246445
2021-11-15,112469.11897616631,114915.33276468332,-2.128709659246445
2021-11-16,112469.11897616631,114915.33276468332,-2.128709659246445
2021-11-17,112469.11897616631,114915.33276468332,-2.128709659246445
2021-11-18,112469.11897616631,114915.33276468332,-2.128709659246445
2021-11-19,112469.11897616631,114915.33276468332,-2.128709659246445
2021-11-22,112469.11897616631,114915.33276468332,-2.128709659246445
2021-11-23,112469.11897616631,114915.33276468332,-2.128709659246445
2021-11-24,112469.11897616631,114915.33276468332,-2.128709659246445
2021-11-26,112469.11897616631,114915.33276468332,-2.128709659246445
2021-11-29,112469.11897616631,114915.33276468332,-2.128709659246445
2021-11-30,112469.11897616631,114915.33276468332,-2.128709659246445
2021-12-01,112469.11897616631,114915.33276468332,-2.128709659246445
2021-12-02,112469.11897616631,114915.33276468332,-2.128709659246445
2021-12-03,112469.11897616631,114915.33276468332,-2.128709659246445
2021-12-06,112469.11897616631,114915.33276468332,-2.128709659246445
2021-12-07,112469.11897616631,114915.33276468332,-2.128709659246445
2021-12-08,112469.11897616631,114915.33276468332,-2.128709659246445
2021-12-09,112469.11897616631,114915.33276468332,-2.128709659246445
2021-12-10,112469.11897616631,114915.33276468332,-2.128709659246445
2021-12-13,112469.11897616631,114915.33276468332,-2.128709659246445
2021-12-14,112469.11897616631,114915.33276468332,-2.128709659246445
2021-12-15,112469.11897616631,114915.33276468332,-2.128709659246445
2021-12-16,112469.11897616631,114915.33276468332,-2.128709659246445
2021-12-17,112469.11897616631,114915.33276468332,-2.128709659246445
2021-12-20,112469.11897616631,114915.33276468332,-2.128709659246445
2021-12-21,112469.11897616631,114915.33276468332,-2.128709659246445
2021-12-22,112469.11897616631,114915.33276468332,-2.128709659246445
2021-12-23,112469.11897616631,114915.33276468332,-2.128709659246445
2021-12-27,112469.11897616631,114915.33276468332,-2.128709659246445
2021-12-28,112469.11897616631,114915.33276468332,-2.128709659246445
2021-12-29,112469.11897616631,114915.33276468332,-2.128709659246445
2021-12-30,112469.11897616631,114915.33276468332,-2.128709659246445
2021-12-31,112469.11897616631,114915.33276468332,-2.128709659246445
2022-01-03,112469.11897616631,114915.33276468332,-2.128709659246445
2022-01-04,112469.11897616631,114915.33276468332,-2.128709659246445
2022-01-05,112469.11897616631,114915.33276468332,-2.128709659246445
2022-01-06,112469.11897616631,114915.33276468332,-2.128709659246445
2022-01-07,112469.11897616631,114915.33276468332,-2.128709659246445
2022-01-10,112469.11897616631,114915.33276468332,-2.128709659246445
2022-01-11,112469.11897616631,114915.33276468332,-2.128709659246445
2022-01-12,112469.11897616631,114915.33276468332,-2.128709659246445
2022-01-13,112469.11897616631,114915.33276468332,-2.128709659246445
2022-01-14,112469.11897616631,114915.33276468332,-2.128709659246445
2022-01-18,112469.11897616631,114915.33276468332,-2.128709659246445
2022-01-19,112469.11897616631,114915.33276468332,-2.128709659246445
2022-01-20,112469.11897616631,114915.33276468332,-2.128709659246445
2022-01-21,112469.11897616631,114915.33276468332,-2.128709659246445
2022-01-24,112469.11897616631,114915.33276468332,-2.128709659246445
2022-01-25,112469.11897616631,114915.33276468332,-2.128709659246445
2022-01-26,112469.11897616631,114915.33276468332,-2.128709659246445
2022-01-27,112469.11897616631,114915.33276468332,-2.128709659246445
2022-01-28,112469.11897616631,114915.33276468332,-2.128709659246445
2022-01-31,112469.11897616631,114915.33276468332,-2.128709659246445
2022-02-01,112469.11897616631,114915.33276468332,-2.128709659246445
2022-02-02,112469.11897616631,114915.33276468332,-2.128709659246445
2022-02-03,112469.11897616631,114915.33276468332,-2.128709659246445
2022-02-04,112469.11897616631,114915.33276468332,-2.128709659246445
2022-02-07,112469.11897616631,114915.33276468332,-2.128709659246445
2022-02-08,112469.11897616631,114915.33276468332,-2.128709659246445
2022-02-09,112469.11897616631,114915.33276468332,-2.128709659246445
2022-02-10,112469.11897616631,114915.33276468332,-2.128709659246445
2022-02-11,112469.11897616631,114915.33276468332,-2.128709659246445
2022-02-14,112469.11897616631,114915.33276468332,-2.128709659246445
2022-02-15,112469.11897616631,114915.33276468332,-2.128709659246445
2022-02-16,112469.11897616631,114915.33276468332,-2.128709659246445
2022-02-17,112469.11897616631,114915.33276468332,-2.128709659246445
2022-02-18,112469.11897616631,114915.33276468332,-2.128709659246445
2022-02-22,112469.11897616631,114915.33276468332,-2.128709659246445
2022-02-23,112469.11897616631,114915.33276468332,-2.128709659246445
2022-02-24,112469.11897616631,114915.33276468332,-2.128709659246445
2022-02-25,112469.11897616631,114915.33276468332,-2.128709659246445
2022-02-28,112469.11897616631,114915.33276468332,-2.128709659246445
2022-03-01,112469.11897616631,114915.33276468332,-2.128709659246445
2022-03-02,112469.11897616631,114915.33276468332,-2.128709659246445
2022-03-03,112469.11897616631,114915.33276468332,-2.128709659246445
2022-03-04,112469.11897616631,114915.33276468332,-2.128709659246445
2022-03-07,112469.11897616631,114915.33276468332,-2.128709659246445
2022-03-08,112469.11897616631,114915.33276468332,-2.128709659246445
2022-03-09,112469.11897616631,114915.33276468332,-2.128709659246445
2022-03-10,112469.11897616631,114915.33276468332,-2.128709659246445
2022-03-11,112469.11897616631,114915.33276468332,-2.128709659246445
2022-03-14,112469.11897616631,114915.33276468332,-2.128709659246445
2022-03-15,112469.11897616631,114915.33276468332,-2.128709659246445
2022-03-16,112469.11897616631,114915.33276468332,-2.128709659246445
2022-03-17,112469.11897616631,114915.33276468332,-2.128709659246445
2022-03-18,112469.11897616631,114915.33276468332,-2.128709659246445
2022-03-21,112469.11897616631,114915.33276468332,-2.128709659246445
2022-03-22,112469.11897616631,114915.33276468332,-2.128709659246445
2022-03-23,112469.11897616631,114915.33276468332,-2.128709659246445
2022-03-24,112469.11897616631,114915.33276468332,-2.128709659246445
2022-03-25,112469.11897616631,114915.33276468332,-2.128709659246445
2022-03-28,112469.11897616631,114915.33276468332,-2.128709659246445
2022-03-29,112469.11897616631,114915.33276468332,-2.128709659246445
2022-03-30,112469.11897616631,114915.33276468332,-2.128709659246445
2022-03-31,112469.11897616631,114915.33276468332,-2.128709659246445
2022-04-01,112469.11897616631,114915.33276468332,-2.128709659246445
2022-04-04,112469.11897616631,114915.33276468332,-2.128709659246445
2022-04-05,112469.11897616631,114915.33276468332,-2.128709659246445
2022-04-06,111988.18092495984,114915.33276468332,-2.5472247865456916
2022-04-07,112177.24073941297,114915.33276468332,-2.3827038214972154
2022-04-08,110927.07701260633,114915.33276468332,-3.470603666304392
2022-04-11,108280.34417874402,114915.33276468332,-5.773806180874075
2022-04-12,109511.03844293104,114915.33276468332,-4.702848777211368
2022-04-13,109511.03844293104,114915.33276468332,-4.702848777211368
2022-04-14,109511.03844293104,114915.33276468332,-4.702848777211368
2022-04-18,109511.03844293104,114915.33276468332,-4.702848777211368
2022-04-19,109511.03844293104,114915.33276468332,-4.702848777211368
2022-04-20,109511.03844293104,114915.33276468332,-4.702848777211368
2022-04-21,109511.03844293104,114915.33276468332,-4.702848777211368
2022-04-22,109511.03844293104,114915.33276468332,-4.702848777211368
2022-04-25,109511.03844293104,114915.33276468332,-4.702848777211368
2022-04-26,109511.03844293104,114915.33276468332,-4.702848777211368
2022-04-27,109511.03844293104,114915.33276468332,-4.702848777211368
2022-04-28,109511.03844293104,114915.33276468332,-4.702848777211368
2022-04-29,109511.03844293104,114915.33276468332,-4.702848777211368
2022-05-02,109511.03844293104,114915.33276468332,-4.702848777211368
2022-05-03,109511.03844293104,114915.33276468332,-4.702848777211368
2022-05-04,109511.03844293104,114915.33276468332,-4.702848777211368
2022-05-05,109511.03844293104,114915.33276468332,-4.702848777211368
2022-05-06,109511.03844293104,114915.33276468332,-4.702848777211368
2022-05-09,109511.03844293104,114915.33276468332,-4.702848777211368
2022-05-10,109511.03844293104,114915.33276468332,-4.702848777211368
2022-05-11,109511.03844293104,114915.33276468332,-4.702848777211368
2022-05-12,109511.03844293104,114915.33276468332,-4.702848777211368
2022-05-13,109511.03844293104,114915.33276468332,-4.702848777211368
2022-05-16,109511.03844293104,114915.33276468332,-4.702848777211368
2022-05-17,109511.03844293104,114915.33276468332,-4.702848777211368
2022-05-18,109511.03844293104,114915.33276468332,-4.702848777211368
2022-05-19,109511.03844293104,114915.33276468332,-4.702848777211368
2022-05-20,109511.03844293104,114915.33276468332,-4.702848777211368
2022-05-23,109511.03844293104,114915.33276468332,-4.702848777211368
2022-05-24,109511.03844293104,114915.33276468332,-4.702848777211368
2022-05-25,109511.03844293104,114915.33276468332,-4.702848777211368
2022-05-26,109511.03844293104,114915.33276468332,-4.702848777211368
2022-05-27,109511.03844293104,114915.33276468332,-4.702848777211368
2022-05-31,109511.03844293104,114915.33276468332,-4.702848777211368
2022-06-01,109511.03844293104,114915.33276468332,-4.702848777211368
2022-06-02,109511.03844293104,114915.33276468332,-4.702848777211368
2022-06-03,109511.03844293104,114915.33276468332,-4.702848777211368
2022-06-06,109511.03844293104,114915.33276468332,-4.702848777211368
2022-06-07,109511.03844293104,114915.33276468332,-4.702848777211368
2022-06-08,109511.03844293104,114915.33276468332,-4.702848777211368
2022-06-09,109511.03844293104,114915.33276468332,-4.702848777211368
2022-06-10,109511.03844293104,114915.33276468332,-4.702848777211368
2022-06-13,109511.03844293104,114915.33276468332,-4.702848777211368
2022-06-14,109511.03844293104,114915.33276468332,-4.702848777211368
2022-06-15,109511.03844293104,114915.33276468332,-4.702848777211368
2022-06-16,109511.03844293104,114915.33276468332,-4.702848777211368
2022-06-17,109511.03844293104,114915.33276468332,-4.702848777211368
2022-06-21,109511.03844293104,114915.33276468332,-4.702848777211368
2022-06-22,109511.03844293104,114915.33276468332,-4.702848777211368
2022-06-23,109511.03844293104,114915.33276468332,-4.702848777211368
2022-06-24,109511.03844293104,114915.33276468332,-4.702848777211368
2022-06-27,109511.03844293104,114915.33276468332,-4.702848777211368
2022-06-28,109511.03844293104,114915.33276468332,-4.702848777211368
2022-06-29,109511.03844293104,114915.33276468332,-4.702848777211368
2022-06-30,109511.03844293104,114915.33276468332,-4.702848777211368
2022-07-01,109511.03844293104,114915.33276468332,-4.702848777211368
2022-07-05,109511.03844293104,114915.33276468332,-4.702848777211368
2022-07-06,109511.03844293104,114915.33276468332,-4.702848777211368
2022-07-07,109511.03844293104,114915.33276468332,-4.702848777211368
2022-07-08,109511.03844293104,114915.33276468332,-4.702848777211368
2022-07-11,109511.03844293104,114915.33276468332,-4.702848777211368
2022-07-12,109511.03844293104,114915.33276468332,-4.702848777211368
2022-07-13,109511.03844293104,114915.33276468332,-4.702848777211368
2022-07-14,109511.03844293104,114915.33276468332,-4.702848777211368
2022-07-15,109511.03844293104,114915.33276468332,-4.702848777211368
2022-07-18,109511.03844293104,114915.33276468332,-4.702848777211368
2022-07-19,109511.03844293104,114915.33276468332,-4.702848777211368
2022-07-20,109511.03844293104,114915.33276468332,-4.702848777211368
2022-07-21,109931.00591382514,114915.33276468332,-4.337390608322726
2022-07-22,109075.00245008002,114915.33276468332,-5.0822898686311735
2022-07-25,108300.52715405951,114915.33276468332,-5.756242836775495
2022-07-26,107383.38285169135,114915.33276468332,-6.554347215280178
2022-07-27,107893.72641111186,114915.33276468332,-6.110243241387018
2022-07-28,107893.72641111186,114915.33276468332,-6.110243241387018
2022-07-29,107893.72641111186,114915.33276468332,-6.110243241387018
2022-08-01,107893.72641111186,114915.33276468332,-6.110243241387018
2022-08-02,107893.72641111186,114915.33276468332,-6.110243241387018
2022-08-03,107893.72641111186,114915.33276468332,-6.110243241387018
2022-08-04,107893.72641111186,114915.33276468332,-6.110243241387018
2022-08-05,107893.72641111186,114915.33276468332,-6.110243241387018
2022-08-08,107893.72641111186,114915.33276468332,-6.110243241387018
2022-08-09,107893.72641111186,114915.33276468332,-6.110243241387018
2022-08-10,107893.72641111186,114915.33276468332,-6.110243241387018
2022-08-11,107893.72641111186,114915.33276468332,-6.110243241387018
2022-08-12,107893.72641111186,114915.33276468332,-6.110243241387018
2022-08-15,107893.72641111186,114915.33276468332,-6.110243241387018
2022-08-16,107893.72641111186,114915.33276468332,-6.110243241387018
2022-08-17,107893.72641111186,114915.33276468332,-6.110243241387018
2022-08-18,107893.72641111186,114915.33276468332,-6.110243241387018
2022-08-19,107893.72641111186,114915.33276468332,-6.110243241387018
2022-08-22,107893.72641111186,114915.33276468332,-6.110243241387018
2022-08-23,107893.72641111186,114915.33276468332,-6.110243241387018
2022-08-24,107893.72641111186,114915.33276468332,-6.110243241387018
2022-08-25,107893.72641111186,114915.33276468332,-6.110243241387018
2022-08-26,107893.72641111186,114915.33276468332,-6.110243241387018
2022-08-29,107893.72641111186,114915.33276468332,-6.110243241387018
2022-08-30,107893.72641111186,114915.33276468332,-6.110243241387018
2022-08-31,107893.72641111186,114915.33276468332,-6.110243241387018
2022-09-01,107893.72641111186,114915.33276468332,-6.110243241387018
2022-09-02,107893.72641111186,114915.33276468332,-6.110243241387018
2022-09-06,107893.72641111186,114915.33276468332,-6.110243241387018
2022-09-07,107893.72641111186,114915.33276468332,-6.110243241387018
2022-09-08,107893.72641111186,114915.33276468332,-6.110243241387018
2022-09-09,107893.72641111186,114915.33276468332,-6.110243241387018
2022-09-12,107893.72641111186,114915.33276468332,-6.110243241387018
2022-09-13,107893.72641111186,114915.33276468332,-6.110243241387018
2022-09-14,107893.72641111186,114915.33276468332,-6.110243241387018
2022-09-15,107893.72641111186,114915.33276468332,-6.110243241387018
2022-09-16,107893.72641111186,114915.33276468332,-6.110243241387018
2022-09-19,107893.72641111186,114915.33276468332,-6.110243241387018
2022-09-20,107893.72641111186,114915.33276468332,-6.110243241387018
2022-09-21,107893.72641111186,114915.33276468332,-6.110243241387018
2022-09-22,107893.72641111186,114915.33276468332,-6.110243241387018
2022-09-23,107893.72641111186,114915.33276468332,-6.110243241387018
2022-09-26,107893.72641111186,114915.33276468332,-6.110243241387018
2022-09-27,107893.72641111186,114915.33276468332,-6.110243241387018
2022-09-28,107893.72641111186,114915.33276468332,-6.110243241387018
2022-09-29,107893.72641111186,114915.33276468332,-6.110243241387018
2022-09-30,107893.72641111186,114915.33276468332,-6.110243241387018
2022-10-03,107893.72641111186,114915.33276468332,-6.110243241387018
2022-10-04,107893.72641111186,114915.33276468332,-6.110243241387018
2022-10-05,107893.72641111186,114915.33276468332,-6.110243241387018
2022-10-06,107893.72641111186,114915.33276468332,-6.110243241387018
2022-10-07,107893.72641111186,114915.33276468332,-6.110243241387018
2022-10-10,107893.72641111186,114915.33276468332,-6.110243241387018
2022-10-11,107893.72641111186,114915.33276468332,-6.110243241387018
2022-10-12,107893.72641111186,114915.33276468332,-6.110243241387018
2022-10-13,107893.72641111186,114915.33276468332,-6.110243241387018
2022-10-14,107893.72641111186,114915.33276468332,-6.110243241387018
2022-10-17,107893.72641111186,114915.33276468332,-6.110243241387018
2022-10-18,107893.72641111186,114915.33276468332,-6.110243241387018
2022-10-19,107893.72641111186,114915.33276468332,-6.110243241387018
2022-10-20,107893.72641111186,114915.33276468332,-6.110243241387018
2022-10-21,107893.72641111186,114915.33276468332,-6.110243241387018
2022-10-24,107893.72641111186,114915.33276468332,-6.110243241387018
2022-10-25,107893.72641111186,114915.33276468332,-6.110243241387018
2022-10-26,107893.72641111186,114915.33276468332,-6.110243241387018
2022-10-27,107893.72641111186,114915.33276468332,-6.110243241387018
2022-10-28,107893.72641111186,114915.33276468332,-6.110243241387018
2022-10-31,107893.72641111186,114915.33276468332,-6.110243241387018
2022-11-01,107893.72641111186,114915.33276468332,-6.110243241387018
2022-11-02,107893.72641111186,114915.33276468332,-6.110243241387018
2022-11-03,107893.72641111186,114915.33276468332,-6.110243241387018
2022-11-04,107893.72641111186,114915.33276468332,-6.110243241387018
2022-11-07,107893.72641111186,114915.33276468332,-6.110243241387018
2022-11-08,107893.72641111186,114915.33276468332,-6.110243241387018
2022-11-09,107893.72641111186,114915.33276468332,-6.110243241387018
2022-11-10,107893.72641111186,114915.33276468332,-6.110243241387018
2022-11-11,107893.72641111186,114915.33276468332,-6.110243241387018
2022-11-14,107893.72641111186,114915.33276468332,-6.110243241387018
2022-11-15,107893.72641111186,114915.33276468332,-6.110243241387018
2022-11-16,107893.72641111186,114915.33276468332,-6.110243241387018
2022-11-17,107893.72641111186,114915.33276468332,-6.110243241387018
2022-11-18,107893.72641111186,114915.33276468332,-6.110243241387018
2022-11-21,107893.72641111186,114915.33276468332,-6.110243241387018
2022-11-22,107893.72641111186,114915.33276468332,-6.110243241387018
2022-11-23,107893.72641111186,114915.33276468332,-6.110243241387018
2022-11-25,107893.72641111186,114915.33276468332,-6.110243241387018
2022-11-28,107893.72641111186,114915.33276468332,-6.110243241387018
2022-11-29,107893.72641111186,114915.33276468332,-6.110243241387018
2022-11-30,107893.72641111186,114915.33276468332,-6.110243241387018
2022-12-01,107893.72641111186,114915.33276468332,-6.110243241387018
2022-12-02,107893.72641111186,114915.33276468332,-6.110243241387018
2022-12-05,107893.72641111186,114915.33276468332,-6.110243241387018
2022-12-06,107893.72641111186,114915.33276468332,-6.110243241387018
2022-12-07,107893.72641111186,114915.33276468332,-6.110243241387018
2022-12-08,107893.72641111186,114915.33276468332,-6.110243241387018
2022-12-09,107893.72641111186,114915.33276468332,-6.110243241387018
2022-12-12,107893.72641111186,114915.33276468332,-6.110243241387018
2022-12-13,107893.72641111186,114915.33276468332,-6.110243241387018
2022-12-14,107893.72641111186,114915.33276468332,-6.110243241387018
2022-12-15,107893.72641111186,114915.33276468332,-6.110243241387018
2022-12-16,107893.72641111186,114915.33276468332,-6.110243241387018
2022-12-19,107893.72641111186,114915.33276468332,-6.110243241387018
2022-12-20,107893.72641111186,114915.33276468332,-6.110243241387018
2022-12-21,107893.72641111186,114915.33276468332,-6.110243241387018
2022-12-22,107893.72641111186,114915.33276468332,-6.110243241387018
2022-12-23,107893.72641111186,114915.33276468332,-6.110243241387018
2022-12-27,107893.72641111186,114915.33276468332,-6.110243241387018
2022-12-28,107893.72641111186,114915.33276468332,-6.110243241387018
2022-12-29,107893.72641111186,114915.33276468332,-6.110243241387018
2022-12-30,107893.72641111186,114915.33276468332,-6.110243241387018
2023-01-03,107893.72641111186,114915.33276468332,-6.110243241387018
2023-01-04,107893.72641111186,114915.33276468332,-6.110243241387018
2023-01-05,107893.72641111186,114915.33276468332,-6.110243241387018
2023-01-06,107893.72641111186,114915.33276468332,-6.110243241387018
2023-01-09,107893.72641111186,114915.33276468332,-6.110243241387018
2023-01-10,107893.72641111186,114915.33276468332,-6.110243241387018
2023-01-11,107893.72641111186,114915.33276468332,-6.110243241387018
2023-01-12,107893.72641111186,114915.33276468332,-6.110243241387018
2023-01-13,107893.72641111186,114915.33276468332,-6.110243241387018
2023-01-17,107893.72641111186,114915.33276468332,-6.110243241387018
2023-01-18,107893.72641111186,114915.33276468332,-6.110243241387018
2023-01-19,107893.72641111186,114915.33276468332,-6.110243241387018
2023-01-20,107893.72641111186,114915.33276468332,-6.110243241387018
2023-01-23,107893.72641111186,114915.33276468332,-6.110243241387018
2023-01-24,107893.72641111186,114915.33276468332,-6.110243241387018
2023-01-25,107893.72641111186,114915.33276468332,-6.110243241387018
2023-01-26,107893.72641111186,114915.33276468332,-6.110243241387018
2023-01-27,107893.72641111186,114915.33276468332,-6.110243241387018
2023-01-30,107893.72641111186,114915.33276468332,-6.110243241387018
2023-01-31,107893.72641111186,114915.33276468332,-6.110243241387018
2023-02-01,107893.72641111186,114915.33276468332,-6.110243241387018
2023-02-02,107893.72641111186,114915.33276468332,-6.110243241387018
2023-02-03,107893.72641111186,114915.33276468332,-6.110243241387018
2023-02-06,107185.28266095836,114915.33276468332,-6.726735169060592
2023-02-07,109120.50269269664,114915.33276468332,-5.042695289281358
2023-02-08,107311.20514630992,114915.33276468332,-6.6171566799921075
2023-02-09,106615.29932355601,114915.33276468332,-7.222738029331224
2023-02-10,106860.90164899547,114915.33276468332,-7.009013437903218
2023-02-13,106701.00782381579,114915.33276468332,-7.148153987151855
2023-02-14,106701.00782381579,114915.33276468332,-7.148153987151855
2023-02-15,106701.00782381579,114915.33276468332,-7.148153987151855
2023-02-16,106701.00782381579,114915.33276468332,-7.148153987151855
2023-02-17,106701.00782381579,114915.33276468332,-7.148153987151855
2023-02-21,106701.00782381579,114915.33276468332,-7.148153987151855
2023-02-22,106701.00782381579,114915.33276468332,-7.148153987151855
2023-02-23,106701.00782381579,114915.33276468332,-7.148153987151855
2023-02-24,106701.00782381579,114915.33276468332,-7.148153987151855
2023-02-27,106701.00782381579,114915.33276468332,-7.148153987151855
2023-02-28,106701.00782381579,114915.33276468332,-7.148153987151855
2023-03-01,106701.00782381579,114915.33276468332,-7.148153987151855
2023-03-02,106701.00782381579,114915.33276468332,-7.148153987151855
2023-03-03,106701.00782381579,114915.33276468332,-7.148153987151855
2023-03-06,106701.00782381579,114915.33276468332,-7.148153987151855
2023-03-07,106701.00782381579,114915.33276468332,-7.148153987151855
2023-03-08,106701.00782381579,114915.33276468332,-7.148153987151855
2023-03-09,106701.00782381579,114915.33276468332,-7.148153987151855
2023-03-10,106701.00782381579,114915.33276468332,-7.148153987151855
2023-03-13,106701.00782381579,114915.33276468332,-7.148153987151855
2023-03-14,106701.00782381579,114915.33276468332,-7.148153987151855
2023-03-15,106701.00782381579,114915.33276468332,-7.148153987151855
2023-03-16,106701.00782381579,114915.33276468332,-7.148153987151855
2023-03-17,106701.00782381579,114915.33276468332,-7.148153987151855
2023-03-20,106701.00782381579,114915.33276468332,-7.148153987151855
2023-03-21,106701.00782381579,114915.33276468332,-7.148153987151855
2023-03-22,106701.00782381579,114915.33276468332,-7.148153987151855
2023-03-23,106701.00782381579,114915.33276468332,-7.148153987151855
2023-03-24,106701.00782381579,114915.33276468332,-7.148153987151855
2023-03-27,106701.00782381579,114915.33276468332,-7.148153987151855
2023-03-28,106701.00782381579,114915.33276468332,-7.148153987151855
2023-03-29,106701.00782381579,114915.33276468332,-7.148153987151855
2023-03-30,106701.00782381579,114915.33276468332,-7.148153987151855
2023-03-31,106701.00782381579,114915.33276468332,-7.148153987151855
2023-04-03,106701.00782381579,114915.33276468332,-7.148153987151855
2023-04-04,106701.00782381579,114915.33276468332,-7.148153987151855
2023-04-05,106701.00782381579,114915.33276468332,-7.148153987151855
2023-04-06,106701.00782381579,114915.33276468332,-7.148153987151855
2023-04-10,106701.00782381579,114915.33276468332,-7.148153987151855
2023-04-11,106701.00782381579,114915.33276468332,-7.148153987151855
2023-04-12,106701.00782381579,114915.33276468332,-7.148153987151855
2023-04-13,106701.00782381579,114915.33276468332,-7.148153987151855
2023-04-14,106701.00782381579,114915.33276468332,-7.148153987151855
2023-04-17,106701.00782381579,114915.33276468332,-7.148153987151855
2023-04-18,106701.00782381579,114915.33276468332,-7.148153987151855
2023-04-19,106701.00782381579,114915.33276468332,-7.148153987151855
2023-04-20,106701.00782381579,114915.33276468332,-7.148153987151855
2023-04-21,106701.00782381579,114915.33276468332,-7.148153987151855
2023-04-24,106701.00782381579,114915.33276468332,-7.148153987151855
2023-04-25,106701.00782381579,114915.33276468332,-7.148153987151855
2023-04-26,106701.00782381579,114915.33276468332,-7.148153987151855
2023-04-27,106701.00782381579,114915.33276468332,-7.148153987151855
2023-04-28,106701.00782381579,114915.33276468332,-7.148153987151855
2023-05-01,106701.00782381579,114915.33276468332,-7.148153987151855
2023-05-02,106701.00782381579,114915.33276468332,-7.148153987151855
2023-05-03,106701.00782381579,114915.33276468332,-7.148153987151855
2023-05-04,106701.00782381579,114915.33276468332,-7.148153987151855
2023-05-05,106701.00782381579,114915.33276468332,-7.148153987151855
2023-05-08,106701.00782381579,114915.33276468332,-7.148153987151855
2023-05-09,106701.00782381579,114915.33276468332,-7.148153987151855
2023-05-10,106701.00782381579,114915.33276468332,-7.148153987151855
2023-05-11,106701.00782381579,114915.33276468332,-7.148153987151855
2023-05-12,106701.00782381579,114915.33276468332,-7.148153987151855
2023-05-15,106701.00782381579,114915.33276468332,-7.148153987151855
2023-05-16,106701.00782381579,114915.33276468332,-7.148153987151855
2023-05-17,106701.00782381579,114915.33276468332,-7.148153987151855
2023-05-18,106701.00782381579,114915.33276468332,-7.148153987151855
2023-05-19,106701.00782381579,114915.33276468332,-7.148153987151855
2023-05-22,106701.00782381579,114915.33276468332,-7.148153987151855
2023-05-23,106701.00782381579,114915.33276468332,-7.148153987151855
2023-05-24,106701.00782381579,114915.33276468332,-7.148153987151855
2023-05-25,106701.00782381579,114915.33276468332,-7.148153987151855
2023-05-26,106701.00782381579,114915.33276468332,-7.148153987151855
2023-05-30,106701.00782381579,114915.33276468332,-7.148153987151855
2023-05-31,106701.00782381579,114915.33276468332,-7.148153987151855
2023-06-01,106701.00782381579,114915.33276468332,-7.148153987151855
2023-06-02,106701.00782381579,114915.33276468332,-7.148153987151855
2023-06-05,106701.00782381579,114915.33276468332,-7.148153987151855
2023-06-06,106701.00782381579,114915.33276468332,-7.148153987151855
2023-06-07,106701.00782381579,114915.33276468332,-7.148153987151855
2023-06-08,106701.00782381579,114915.33276468332,-7.148153987151855
2023-06-09,106701.00782381579,114915.33276468332,-7.148153987151855
2023-06-12,106701.00782381579,114915.33276468332,-7.148153987151855
2023-06-13,106701.00782381579,114915.33276468332,-7.148153987151855
2023-06-14,106701.00782381579,114915.33276468332,-7.148153987151855
2023-06-15,106701.00782381579,114915.33276468332,-7.148153987151855
2023-06-16,106701.00782381579,114915.33276468332,-7.148153987151855
2023-06-20,106701.00782381579,114915.33276468332,-7.148153987151855
2023-06-21,106701.00782381579,114915.33276468332,-7.148153987151855
2023-06-22,106701.00782381579,114915.33276468332,-7.148153987151855
2023-06-23,106701.00782381579,114915.33276468332,-7.148153987151855
2023-06-26,106701.00782381579,114915.33276468332,-7.148153987151855
2023-06-27,106701.00782381579,114915.33276468332,-7.148153987151855
2023-06-28,106701.00782381579,114915.33276468332,-7.148153987151855
2023-06-29,106701.00782381579,114915.33276468332,-7.148153987151855
2023-06-30,106701.00782381579,114915.33276468332,-7.148153987151855
2023-07-03,106701.00782381579,114915.33276468332,-7.148153987151855
2023-07-05,106701.00782381579,114915.33276468332,-7.148153987151855
2023-07-06,106701.00782381579,114915.33276468332,-7.148153987151855
2023-07-07,106701.00782381579,114915.33276468332,-7.148153987151855
2023-07-10,106701.00782381579,114915.33276468332,-7.148153987151855
2023-07-11,106701.00782381579,114915.33276468332,-7.148153987151855
2023-07-12,106701.00782381579,114915.33276468332,-7.148153987151855
2023-07-13,106701.00782381579,114915.33276468332,-7.148153987151855
2023-07-14,106701.00782381579,114915.33276468332,-7.148153987151855
2023-07-17,106701.00782381579,114915.33276468332,-7.148153987151855
2023-07-18,106701.00782381579,114915.33276468332,-7.148153987151855
2023-07-19,106701.00782381579,114915.33276468332,-7.148153987151855
2023-07-20,106701.00782381579,114915.33276468332,-7.148153987151855
2023-07-21,106701.00782381579,114915.33276468332,-7.148153987151855
2023-07-24,106701.00782381579,114915.33276468332,-7.148153987151855
2023-07-25,106701.00782381579,114915.33276468332,-7.148153987151855
2023-07-26,106701.00782381579,114915.33276468332,-7.148153987151855
2023-07-27,106701.00782381579,114915.33276468332,-7.148153987151855
2023-07-28,106701.00782381579,114915.33276468332,-7.148153987151855
2023-07-31,106701.00782381579,114915.33276468332,-7.148153987151855
2023-08-01,106701.00782381579,114915.33276468332,-7.148153987151855
2023-08-02,106701.00782381579,114915.33276468332,-7.148153987151855
2023-08-03,106701.00782381579,114915.33276468332,-7.148153987151855
2023-08-04,106701.00782381579,114915.33276468332,-7.148153987151855
2023-08-07,106701.00782381579,114915.33276468332,-7.148153987151855
2023-08-08,106701.00782381579,114915.33276468332,-7.148153987151855
2023-08-09,106701.00782381579,114915.33276468332,-7.148153987151855
2023-08-10,106701.00782381579,114915.33276468332,-7.148153987151855
2023-08-11,106701.00782381579,114915.33276468332,-7.148153987151855
2023-08-14,106701.00782381579,114915.33276468332,-7.148153987151855
2023-08-15,106701.00782381579,114915.33276468332,-7.148153987151855
2023-08-16,106701.00782381579,114915.33276468332,-7.148153987151855
2023-08-17,106701.00782381579,114915.33276468332,-7.148153987151855
2023-08-18,106701.00782381579,114915.33276468332,-7.148153987151855
2023-08-21,106701.00782381579,114915.33276468332,-7.148153987151855
2023-08-22,106701.00782381579,114915.33276468332,-7.148153987151855
2023-08-23,106701.00782381579,114915.33276468332,-7.148153987151855
2023-08-24,106701.00782381579,114915.33276468332,-7.148153987151855
2023-08-25,106701.00782381579,114915.33276468332,-7.148153987151855
2023-08-28,106701.00782381579,114915.33276468332,-7.148153987151855
2023-08-29,106701.00782381579,114915.33276468332,-7.148153987151855
2023-08-30,106701.00782381579,114915.33276468332,-7.148153987151855
2023-08-31,106701.00782381579,114915.33276468332,-7.148153987151855
2023-09-01,106701.00782381579,114915.33276468332,-7.148153987151855
2023-09-05,106701.00782381579,114915.33276468332,-7.148153987151855
2023-09-06,106701.00782381579,114915.33276468332,-7.148153987151855
2023-09-07,106701.00782381579,114915.33276468332,-7.148153987151855
2023-09-08,106701.00782381579,114915.33276468332,-7.148153987151855
2023-09-11,106701.00782381579,114915.33276468332,-7.148153987151855
2023-09-12,106701.00782381579,114915.33276468332,-7.148153987151855
2023-09-13,106701.00782381579,114915.33276468332,-7.148153987151855
2023-09-14,106701.00782381579,114915.33276468332,-7.148153987151855
2023-09-15,106701.00782381579,114915.33276468332,-7.148153987151855
2023-09-18,106701.00782381579,114915.33276468332,-7.148153987151855
2023-09-19,106701.00782381579,114915.33276468332,-7.148153987151855
2023-09-20,106701.00782381579,114915.33276468332,-7.148153987151855
2023-09-21,106701.00782381579,114915.33276468332,-7.148153987151855
2023-09-22,106701.00782381579,114915.33276468332,-7.148153987151855
2023-09-25,106701.00782381579,114915.33276468332,-7.148153987151855
2023-09-26,106701.00782381579,114915.33276468332,-7.148153987151855
2023-09-27,106701.00782381579,114915.33276468332,-7.148153987151855
2023-09-28,106701.00782381579,114915.33276468332,-7.148153987151855
2023-09-29,106701.00782381579,114915.33276468332,-7.148153987151855
2023-10-02,106701.00782381579,114915.33276468332,-7.148153987151855
2023-10-03,106701.00782381579,114915.33276468332,-7.148153987151855
2023-10-04,106701.00782381579,114915.33276468332,-7.148153987151855
2023-10-05,106701.00782381579,114915.33276468332,-7.148153987151855
2023-10-06,106701.00782381579,114915.33276468332,-7.148153987151855
2023-10-09,106701.00782381579,114915.33276468332,-7.148153987151855
2023-10-10,106701.00782381579,114915.33276468332,-7.148153987151855
2023-10-11,106701.00782381579,114915.33276468332,-7.148153987151855
2023-10-12,106701.00782381579,114915.33276468332,-7.148153987151855
2023-10-13,106701.00782381579,114915.33276468332,-7.148153987151855
2023-10-16,106701.00782381579,114915.33276468332,-7.148153987151855
2023-10-17,106701.00782381579,114915.33276468332,-7.148153987151855
2023-10-18,106701.00782381579,114915.33276468332,-7.148153987151855
2023-10-19,106701.00782381579,114915.33276468332,-7.148153987151855
2023-10-20,106701.00782381579,114915.33276468332,-7.148153987151855
2023-10-23,106701.00782381579,114915.33276468332,-7.148153987151855
2023-10-24,106701.00782381579,114915.33276468332,-7.148153987151855
2023-10-25,106701.00782381579,114915.33276468332,-7.148153987151855
2023-10-26,106701.00782381579,114915.33276468332,-7.148153987151855
2023-10-27,106701.00782381579,114915.33276468332,-7.148153987151855
2023-10-30,106701.00782381579,114915.33276468332,-7.148153987151855
2023-10-31,106701.00782381579,114915.33276468332,-7.148153987151855
2023-11-01,106701.00782381579,114915.33276468332,-7.148153987151855
2023-11-02,106701.00782381579,114915.33276468332,-7.148153987151855
2023-11-03,106701.00782381579,114915.33276468332,-7.148153987151855
2023-11-06,106701.00782381579,114915.33276468332,-7.148153987151855
2023-11-07,106701.00782381579,114915.33276468332,-7.148153987151855
2023-11-08,106701.00782381579,114915.33276468332,-7.148153987151855
2023-11-09,106701.00782381579,114915.33276468332,-7.148153987151855
2023-11-10,106701.00782381579,114915.33276468332,-7.148153987151855
2023-11-13,106701.00782381579,114915.33276468332,-7.148153987151855
2023-11-14,106701.00782381579,114915.33276468332,-7.148153987151855
2023-11-15,106635.20588665555,114915.33276468332,-7.2054152207724265
2023-11-16,107553.01509075711,114915.33276468332,-6.406732240859732
2023-11-17,107542.21772747586,114915.33276468332,-6.416128170037746
2023-11-20,108492.42735272,114915.33276468332,-5.589250152645652
2023-11-21,108055.10914593289,114915.33276468332,-5.969807034191323
2023-11-22,108416.82914715359,114915.33276468332,-5.655036156782465
2023-11-24,107693.38914471219,114915.33276468332,-6.2845779116001825
2023-11-27,107596.20454388211,114915.33276468332,-6.36914852414767
2023-11-28,107925.52412396023,114915.33276468332,-6.082572684218211
2023-11-29,107369.4432523782,114915.33276468332,-6.566477536776693
2023-11-30,107682.59178143094,114915.33276468332,-6.293973840778197
2023-12-01,108379.04670696805,114915.33276468332,-5.687914658960165
2023-12-04,107401.83534222195,114915.33276468332,-6.53828974924265
2023-12-05,109556.00096111844,114915.33276468332,-4.663722128829754
2023-12-06,108962.1209867532,114915.33276468332,-5.1805199834566436
2023-12-07,110014.89723187039,114915.33276468332,-4.264387888818759
2023-12-08,110792.34904461453,114915.33276468332,-3.587844738274907
2023-12-11,109426.43260174344,114915.33276468332,-4.776473278965935
2023-12-12,110252.45588665555,114915.33276468332,-4.057662947011721
2023-12-13,112007.10240154812,114915.33276468332,-2.53075920607609
2023-12-14,111879.18488775232,114915.33276468332,-2.642073780657491
2023-12-15,111879.18488775232,114915.33276468332,-2.642073780657491
2023-12-18,111879.18488775232,114915.33276468332,-2.642073780657491
2023-12-19,111879.18488775232,114915.33276468332,-2.642073780657491
2023-12-20,111879.18488775232,114915.33276468332,-2.642073780657491
2023-12-21,111879.18488775232,114915.33276468332,-2.642073780657491
2023-12-22,111879.18488775232,114915.33276468332,-2.642073780657491
2023-12-26,111879.18488775232,114915.33276468332,-2.642073780657491
2023-12-27,111879.18488775232,114915.33276468332,-2.642073780657491
2023-12-28,111879.18488775232,114915.33276468332,-2.642073780657491
2023-12-29,111879.18488775232,114915.33276468332,-2.642073780657491
2024-01-02,111879.18488775232,114915.33276468332,-2.642073780657491
2024-01-03,111879.18488775232,114915.33276468332,-2.642073780657491
2024-01-04,111879.18488775232,114915.33276468332,-2.642073780657491
2024-01-05,111879.18488775232,114915.33276468332,-2.642073780657491
2024-01-08,111879.18488775232,114915.33276468332,-2.642073780657491
2024-01-09,111879.18488775232,114915.33276468332,-2.642073780657491
2024-01-10,111879.18488775232,114915.33276468332,-2.642073780657491
2024-01-11,111879.18488775232,114915.33276468332,-2.642073780657491
2024-01-12,111879.18488775232,114915.33276468332,-2.642073780657491
2024-01-16,111879.18488775232,114915.33276468332,-2.642073780657491
2024-01-17,111879.18488775232,114915.33276468332,-2.642073780657491
2024-01-18,111879.18488775232,114915.33276468332,-2.642073780657491
2024-01-19,111879.18488775232,114915.33276468332,-2.642073780657491
2024-01-22,111879.18488775232,114915.33276468332,-2.642073780657491
2024-01-23,111879.18488775232,114915.33276468332,-2.642073780657491
2024-01-24,111879.18488775232,114915.33276468332,-2.642073780657491
2024-01-25,111879.18488775232,114915.33276468332,-2.642073780657491
2024-01-26,111879.18488775232,114915.33276468332,-2.642073780657491
2024-01-29,111879.18488775232,114915.33276468332,-2.642073780657491
2024-01-30,111879.18488775232,114915.33276468332,-2.642073780657491
2024-01-31,111879.18488775232,114915.33276468332,-2.642073780657491
2024-02-01,111879.18488775232,114915.33276468332,-2.642073780657491
2024-02-02,111879.18488775232,114915.33276468332,-2.642073780657491
2024-02-05,111879.18488775232,114915.33276468332,-2.642073780657491
2024-02-06,111879.18488775232,114915.33276468332,-2.642073780657491
2024-02-07,111879.18488775232,114915.33276468332,-2.642073780657491
2024-02-08,111879.18488775232,114915.33276468332,-2.642073780657491
2024-02-09,111879.18488775232,114915.33276468332,-2.642073780657491
2024-02-12,111879.18488775232,114915.33276468332,-2.642073780657491
2024-02-13,111879.18488775232,114915.33276468332,-2.642073780657491
2024-02-14,111879.18488775232,114915.33276468332,-2.642073780657491
2024-02-15,111879.18488775232,114915.33276468332,-2.642073780657491
2024-02-16,111879.18488775232,114915.33276468332,-2.642073780657491
2024-02-20,111879.18488775232,114915.33276468332,-2.642073780657491
2024-02-21,111879.18488775232,114915.33276468332,-2.642073780657491
2024-02-22,111879.18488775232,114915.33276468332,-2.642073780657491
2024-02-23,111879.18488775232,114915.33276468332,-2.642073780657491
2024-02-26,111879.18488775232,114915.33276468332,-2.642073780657491
2024-02-27,111879.18488775232,114915.33276468332,-2.642073780657491
2024-02-28,111879.18488775232,114915.33276468332,-2.642073780657491
2024-02-29,111879.18488775232,114915.33276468332,-2.642073780657491
2024-03-01,111879.18488775232,114915.33276468332,-2.642073780657491
2024-03-04,111879.18488775232,114915.33276468332,-2.642073780657491
2024-03-05,111879.18488775232,114915.33276468332,-2.642073780657491
2024-03-06,111879.18488775232,114915.33276468332,-2.642073780657491
2024-03-07,111879.18488775232,114915.33276468332,-2.642073780657491
2024-03-08,111879.18488775232,114915.33276468332,-2.642073780657491
2024-03-11,111879.18488775232,114915.33276468332,-2.642073780657491
2024-03-12,111879.18488775232,114915.33276468332,-2.642073780657491
2024-03-13,111879.18488775232,114915.33276468332,-2.642073780657491
2024-03-14,111879.18488775232,114915.33276468332,-2.642073780657491
2024-03-15,111879.18488775232,114915.33276468332,-2.642073780657491
2024-03-18,111879.18488775232,114915.33276468332,-2.642073780657491
2024-03-19,111879.18488775232,114915.33276468332,-2.642073780657491
2024-03-20,111879.18488775232,114915.33276468332,-2.642073780657491
2024-03-21,111879.18488775232,114915.33276468332,-2.642073780657491
2024-03-22,111879.18488775232,114915.33276468332,-2.642073780657491
2024-03-25,111879.18488775232,114915.33276468332,-2.642073780657491
2024-03-26,111879.18488775232,114915.33276468332,-2.642073780657491
2024-03-27,111879.18488775232,114915.33276468332,-2.642073780657491
2024-03-28,111879.18488775232,114915.33276468332,-2.642073780657491
2024-04-01,111879.18488775232,114915.33276468332,-2.642073780657491
2024-04-02,111879.18488775232,114915.33276468332,-2.642073780657491
2024-04-03,111879.18488775232,114915.33276468332,-2.642073780657491
2024-04-04,111879.18488775232,114915.33276468332,-2.642073780657491
2024-04-05,111879.18488775232,114915.33276468332,-2.642073780657491
2024-04-08,111879.18488775232,114915.33276468332,-2.642073780657491
2024-04-09,111879.18488775232,114915.33276468332,-2.642073780657491
2024-04-10,111879.18488775232,114915.33276468332,-2.642073780657491
2024-04-11,111879.18488775232,114915.33276468332,-2.642073780657491
2024-04-12,111879.18488775232,114915.33276468332,-2.642073780657491
2024-04-15,111879.18488775232,114915.33276468332,-2.642073780657491
2024-04-16,111879.18488775232,114915.33276468332,-2.642073780657491
2024-04-17,111879.18488775232,114915.33276468332,-2.642073780657491
2024-04-18,111879.18488775232,114915.33276468332,-2.642073780657491
2024-04-19,111879.18488775232,114915.33276468332,-2.642073780657491
2024-04-22,111879.18488775232,114915.33276468332,-2.642073780657491
2024-04-23,111879.18488775232,114915.33276468332,-2.642073780657491
2024-04-24,111879.18488775232,114915.33276468332,-2.642073780657491
2024-04-25,111879.18488775232,114915.33276468332,-2.642073780657491
2024-04-26,111879.18488775232,114915.33276468332,-2.642073780657491
2024-04-29,111879.18488775232,114915.33276468332,-2.642073780657491
2024-04-30,111879.18488775232,114915.33276468332,-2.642073780657491
2024-05-01,111879.18488775232,114915.33276468332,-2.642073780657491
2024-05-02,111879.18488775232,114915.33276468332,-2.642073780657491
2024-05-03,111879.18488775232,114915.33276468332,-2.642073780657491
2024-05-06,111879.18488775232,114915.33276468332,-2.642073780657491
2024-05-07,111879.18488775232,114915.33276468332,-2.642073780657491
2024-05-08,111879.18488775232,114915.33276468332,-2.642073780657491
2024-05-09,112888.14242731433,114915.33276468332,-1.7640729819058554
2024-05-10,112149.05410944324,114915.33276468332,-2.4072319930576174
2024-05-13,114028.80481134754,114915.33276468332,-0.7714618510927179
2024-05-14,114698.04715143543,114915.33276468332,-0.18908322155132792
2024-05-15,116030.72775446277,116030.72775446277,0.0
2024-05-16,116100.55581842762,116100.55581842762,0.0
2024-05-17,116118.021791328,116118.021791328,0.0
2024-05-20,116798.91707025867,116798.91707025867,0.0
2024-05-21,116661.25647080937,116798.91707025867,-0.11786119503701606
2024-05-22,116661.25647080937,116798.91707025867,-0.11786119503701606
2024-05-23,116661.25647080937,116798.91707025867,-0.11786119503701606
2024-05-24,116661.25647080937,116798.91707025867,-0.11786119503701606
2024-05-28,116661.25647080937,116798.91707025867,-0.11786119503701606
2024-05-29,116661.25647080937,116798.91707025867,-0.11786119503701606
2024-05-30,116661.25647080937,116798.91707025867,-0.11786119503701606
2024-05-31,116661.25647080937,116798.91707025867,-0.11786119503701606
2024-06-03,116661.25647080937,116798.91707025867,-0.11786119503701606
2024-06-04,116661.25647080937,116798.91707025867,-0.11786119503701606
2024-06-05,116661.25647080937,116798.91707025867,-0.11786119503701606
2024-06-06,116661.25647080937,116798.91707025867,-0.11786119503701606
2024-06-07,116661.25647080937,116798.91707025867,-0.11786119503701606
2024-06-10,116661.25647080937,116798.91707025867,-0.11786119503701606
2024-06-11,116661.25647080937,116798.91707025867,-0.11786119503701606
2024-06-12,116661.25647080937,116798.91707025867,-0.11786119503701606
2024-06-13,116661.25647080937,116798.91707025867,-0.11786119503701606
2024-06-14,116661.25647080937,116798.91707025867,-0.11786119503701606
2024-06-17,116661.25647080937,116798.91707025867,-0.11786119503701606
2024-06-18,116661.25647080937,116798.91707025867,-0.11786119503701606
2024-06-20,116661.25647080937,116798.91707025867,-0.11786119503701606
2024-06-21,116661.25647080937,116798.91707025867,-0.11786119503701606
2024-06-24,116661.25647080937,116798.91707025867,-0.11786119503701606
2024-06-25,116661.25647080937,116798.91707025867,-0.11786119503701606
2024-06-26,116661.25647080937,116798.91707025867,-0.11786119503701606
2024-06-27,116661.25647080937,116798.91707025867,-0.11786119503701606
2024-06-28,116661.25647080937,116798.91707025867,-0.11786119503701606
2024-07-01,116661.25647080937,116798.91707025867,-0.11786119503701606
2024-07-02,116661.25647080937,116798.91707025867,-0.11786119503701606
2024-07-03,116661.25647080937,116798.91707025867,-0.11786119503701606
2024-07-05,116661.25647080937,116798.91707025867,-0.11786119503701606
2024-07-08,116661.25647080937,116798.91707025867,-0.11786119503701606
2024-07-09,116661.25647080937,116798.91707025867,-0.11786119503701606
2024-07-10,116661.25647080937,116798.91707025867,-0.11786119503701606
2024-07-11,116661.25647080937,116798.91707025867,-0.11786119503701606
2024-07-12,116661.25647080937,116798.91707025867,-0.11786119503701606
2024-07-15,116661.25647080937,116798.91707025867,-0.11786119503701606
2024-07-16,116661.25647080937,116798.91707025867,-0.11786119503701606
2024-07-17,116661.25647080937,116798.91707025867,-0.11786119503701606
2024-07-18,116661.25647080937,116798.91707025867,-0.11786119503701606
2024-07-19,116661.25647080937,116798.91707025867,-0.11786119503701606
2024-07-22,116661.25647080937,116798.91707025867,-0.11786119503701606
2024-07-23,116661.25647080937,116798.91707025867,-0.11786119503701606
2024-07-24,116661.25647080937,116798.91707025867,-0.11786119503701606
2024-07-25,116661.25647080937,116798.91707025867,-0.11786119503701606
2024-07-26,116661.25647080937,116798.91707025867,-0.11786119503701606
2024-07-29,116661.25647080937,116798.91707025867,-0.11786119503701606
2024-07-30,116661.25647080937,116798.91707025867,-0.11786119503701606
2024-07-31,116661.25647080937,116798.91707025867,-0.11786119503701606
2024-08-01,116661.25647080937,116798.91707025867,-0.11786119503701606
2024-08-02,116661.25647080937,116798.91707025867,-0.11786119503701606
2024-08-05,116661.25647080937,116798.91707025867,-0.11786119503701606
2024-08-06,116661.25647080937,116798.91707025867,-0.11786119503701606
2024-08-07,116661.25647080937,116798.91707025867,-0.11786119503701606
2024-08-08,116661.25647080937,116798.91707025867,-0.11786119503701606
2024-08-09,116661.25647080937,116798.91707025867,-0.11786119503701606
2024-08-12,116661.25647080937,116798.91707025867,-0.11786119503701606
2024-08-13,116661.25647080937,116798.91707025867,-0.11786119503701606
2024-08-14,116661.25647080937,116798.91707025867,-0.11786119503701606
2024-08-15,116661.25647080937,116798.91707025867,-0.11786119503701606
2024-08-16,116661.25647080937,116798.91707025867,-0.11786119503701606
2024-08-19,116661.25647080937,116798.91707025867,-0.11786119503701606
2024-08-20,116661.25647080937,116798.91707025867,-0.11786119503701606
2024-08-21,116661.25647080937,116798.91707025867,-0.11786119503701606
2024-08-22,116661.25647080937,116798.91707025867,-0.11786119503701606
2024-08-23,116661.25647080937,116798.91707025867,-0.11786119503701606
2024-08-26,116661.25647080937,116798.91707025867,-0.11786119503701606
2024-08-27,116661.25647080937,116798.91707025867,-0.11786119503701606
2024-08-28,115801.20225843639,116798.91707025867,-0.8542158068316014
2024-08-29,117402.89065870494,117402.89065870494,0.0
2024-08-30,117019.4640992567,117402.89065870494,-0.3265903908302216
2024-09-03,113995.66437086315,117402.89065870494,-2.9021655844460805
2024-09-04,113295.58689573068,117402.89065870494,-3.4984690239990455
2024-09-05,113295.58689573068,117402.89065870494,-3.4984690239990455
2024-09-06,113295.58689573068,117402.89065870494,-3.4984690239990455
2024-09-09,113295.58689573068,117402.89065870494,-3.4984690239990455
2024-09-10,113295.58689573068,117402.89065870494,-3.4984690239990455
2024-09-11,113295.58689573068,117402.89065870494,-3.4984690239990455
2024-09-12,113295.58689573068,117402.89065870494,-3.4984690239990455
2024-09-13,113295.58689573068,117402.89065870494,-3.4984690239990455
2024-09-16,113295.58689573068,117402.89065870494,-3.4984690239990455
2024-09-17,113295.58689573068,117402.89065870494,-3.4984690239990455
2024-09-18,113295.58689573068,117402.89065870494,-3.4984690239990455
2024-09-19,113295.58689573068,117402.89065870494,-3.4984690239990455
2024-09-20,113295.58689573068,117402.89065870494,-3.4984690239990455
2024-09-23,113295.58689573068,117402.89065870494,-3.4984690239990455
2024-09-24,113295.58689573068,117402.89065870494,-3.4984690239990455
2024-09-25,113295.58689573068,117402.89065870494,-3.4984690239990455
2024-09-26,113295.58689573068,117402.89065870494,-3.4984690239990455
2024-09-27,113295.58689573068,117402.89065870494,-3.4984690239990455
2024-09-30,113295.58689573068,117402.89065870494,-3.4984690239990455
2024-10-01,113295.58689573068,117402.89065870494,-3.4984690239990455
2024-10-02,113295.58689573068,117402.89065870494,-3.4984690239990455
2024-10-03,113295.58689573068,117402.89065870494,-3.4984690239990455
2024-10-04,113295.58689573068,117402.89065870494,-3.4984690239990455
2024-10-07,113295.58689573068,117402.89065870494,-3.4984690239990455
2024-10-08,113295.58689573068,117402.89065870494,-3.4984690239990455
2024-10-09,113295.58689573068,117402.89065870494,-3.4984690239990455
2024-10-10,113295.58689573068,117402.89065870494,-3.4984690239990455
2024-10-11,113295.58689573068,117402.89065870494,-3.4984690239990455
2024-10-14,113295.58689573068,117402.89065870494,-3.4984690239990455
2024-10-15,113295.58689573068,117402.89065870494,-3.4984690239990455
2024-10-16,113295.58689573068,117402.89065870494,-3.4984690239990455
2024-10-17,113295.58689573068,117402.89065870494,-3.4984690239990455
2024-10-18,113295.58689573068,117402.89065870494,-3.4984690239990455
2024-10-21,113295.58689573068,117402.89065870494,-3.4984690239990455
2024-10-22,113295.58689573068,117402.89065870494,-3.4984690239990455
2024-10-23,113295.58689573068,117402.89065870494,-3.4984690239990455
2024-10-24,113295.58689573068,117402.89065870494,-3.4984690239990455
2024-10-25,113295.58689573068,117402.89065870494,-3.4984690239990455
2024-10-28,113295.58689573068,117402.89065870494,-3.4984690239990455
2024-10-29,113295.58689573068,117402.89065870494,-3.4984690239990455
2024-10-30,113295.58689573068,117402.89065870494,-3.4984690239990455
2024-10-31,113295.58689573068,117402.89065870494,-3.4984690239990455
2024-11-01,113295.58689573068,117402.89065870494,-3.4984690239990455
2024-11-04,113295.58689573068,117402.89065870494,-3.4984690239990455
2024-11-05,113295.58689573068,117402.89065870494,-3.4984690239990455
2024-11-06,113295.58689573068,117402.89065870494,-3.4984690239990455
2024-11-07,113295.58689573068,117402.89065870494,-3.4984690239990455
2024-11-08,113295.58689573068,117402.89065870494,-3.4984690239990455
2024-11-11,113295.58689573068,117402.89065870494,-3.4984690239990455
2024-11-12,113295.58689573068,117402.89065870494,-3.4984690239990455
2024-11-13,113295.58689573068,117402.89065870494,-3.4984690239990455
2024-11-14,113295.58689573068,117402.89065870494,-3.4984690239990455
2024-11-15,113295.58689573068,117402.89065870494,-3.4984690239990455
2024-11-18,113295.58689573068,117402.89065870494,-3.4984690239990455
2024-11-19,113295.58689573068,117402.89065870494,-3.4984690239990455
2024-11-20,113295.58689573068,117402.89065870494,-3.4984690239990455
2024-11-21,113295.58689573068,117402.89065870494,-3.4984690239990455
2024-11-22,113295.58689573068,117402.89065870494,-3.4984690239990455
2024-11-25,113295.58689573068,117402.89065870494,-3.4984690239990455
2024-11-26,113295.58689573068,117402.89065870494,-3.4984690239990455
2024-11-27,113295.58689573068,117402.89065870494,-3.4984690239990455
2024-11-29,113295.58689573068,117402.89065870494,-3.4984690239990455
2024-12-02,113295.58689573068,117402.89065870494,-3.4984690239990455
2024-12-03,113295.58689573068,117402.89065870494,-3.4984690239990455
2024-12-04,113196.12788270347,117402.89065870494,-3.583185007114268
2024-12-05,113209.41886781089,117402.89065870494,-3.5718641741834505
2024-12-06,113120.78507874839,117402.89065870494,-3.647359580272013
2024-12-09,114853.57429383628,117402.89065870494,-2.1714255505681104
2024-12-10,115305.60389588706,117402.89065870494,-1.7864012981714212
2024-12-11,114738.35853455894,117402.89065870494,-2.269562622518307
2024-12-12,115389.80735658042,117402.89065870494,-1.7146795030597979
2024-12-13,115465.1501605355,117402.89065870494,-1.6505049299020529
2024-12-16,116754.76362489097,117402.89065870494,-0.5520537272784067
2024-12-17,117836.09040711753,117836.09040711753,0.0
2024-12-18,115429.70072816245,117836.09040711753,-2.042149964956515
2024-12-19,116200.80244325034,117836.09040711753,-1.3877649523311177
2024-12-20,118283.70329163902,118283.70329163902,0.0
2024-12-23,118629.37779115073,118629.37779115073,0.0
2024-12-24,118557.10131265475,118629.37779115073,-0.06092628979579692
2024-12-26,118557.10131265475,118629.37779115073,-0.06092628979579692
2024-12-27,118557.10131265475,118629.37779115073,-0.06092628979579692
2024-12-30,118557.10131265475,118629.37779115073,-0.06092628979579692
